,단어,빈도
0,가격,7
1,가격과,1
2,가격도,1
3,가격보다,1
4,가격에,1
5,가격은,7
6,가격을,3
7,가격의,1
8,가격이,10
9,가계의,2
10,가고시마현,2
11,가구회사,2
12,가급적,1
13,가기,1
14,가까운,4
15,가까워지길,1
16,가까이,2
17,가나가와현,7
18,가늠이,1
19,가늠할,1
20,가능성과,1
21,가능성도,4
22,가능성에,2
23,가능성을,2
24,가능성이,7
25,가능하면,1
26,가능하지만,1
27,가능한,2
28,가능해진다,2
29,가능해집니다,1
30,가다,1
31,가동하고,1
32,가동하며,1
33,가드레일,1
34,가드레일을,1
35,가량,1
36,가량이라고,1
37,가려면,1
38,가를,1
39,가리켜,1
40,가리키며,1
41,가만히,1
42,가뭄에,1
43,가속하며,1
44,가속화로,1
45,가수요,1
46,가스,1
47,가운데에서는,1
48,가입,2
49,가입에,1
50,가입하려면,1
51,가져갈,1
52,가졌다,1
53,가졌다는,1
54,가족들과,1
55,가족들이,1
56,가지려,1
57,가지에,1
58,가치가,5
59,가치는,1
60,가치를,2
61,가하기,1
62,가하는,2
63,가해왔다,1
64,가해자들은,1
65,가했다,1
66,각국의,1
67,각의,1
68,각자의,1
69,간,3
70,간격으로,2
71,간주한다,1
72,갈등의,1
73,갈린,1
74,갈무리,5
75,갈아치웠다,1
76,갈아치웠습니다,1
77,감독은,3
78,감독의,3
79,감독이,1
80,감량해,1
81,감사드립니다,1
82,감사하고,2
83,감사한다,1
84,감세,1
85,감소,1
86,감소가,1
87,감소라고,1
88,감소로,1
89,감소에,1
90,감소였다,1
91,감소한,1
92,감소했다고,2
93,감수할,1
94,감시에,1
95,감염,3
96,감염됐으며,1
97,감염되는지는,1
98,감염된,1
99,감염이,6
100,감염자,5
101,감염자가,1
102,감염증,4
103,감염한,6
104,감염해,3
105,감원을,1
106,감축은,1
107,감축한다는,1
108,감췄다,1
109,감행,1
110,감행했다,1
111,갑자기,1
112,갔다고,1
113,갔으나,1
114,강,11
115,강경,1
116,강경한,1
117,강도,4
118,강도가,1
119,강도들이,2
120,강도사건,1
121,강력,1
122,강력한,5
123,강력히,1
124,강민경,3
125,강박증이,1
126,강병철,6
127,강성웅,2
128,강성웅입니다,1
129,강원도,1
130,강으로,1
131,강을,1
132,강제,2
133,강조되는,1
134,강조된다,1
135,강조하며,2
136,강조했다,9
137,강조했습니다,3
138,강청완,1
139,강한,4
140,강행될,1
141,강화,2
142,강화가,2
143,강화라든지,1
144,강화를,1
145,강화에,1
146,강화하겠다고,1
147,강화하고,1
148,강화하기,2
149,강화하는,1
150,강화할,1
151,강화해야,2
152,같아,1
153,같아서,1
154,같은달보다,1
155,개국,4
156,개국에,1
157,개국에서,2
158,개국을,3
159,개국이,2
160,개나,1
161,개를,4
162,개막식에서,1
163,개막한,1
164,개발도상국,1
165,개발도상국에,1
166,개발은,1
167,개발의,1
168,개발하도록,1
169,개별적인,1
170,개시할,1
171,개에,1
172,개월,10
173,개월간,2
174,개월로,1
175,개의,2
176,개의치,1
177,개인을,1
178,개입,4
179,개입도,1
180,개입했는지,1
181,개장했다,1
182,개전,3
183,개편,2
184,개편과,1
185,객원기자,2
186,갤런,4
187,갤런당,6
188,갭,1
189,갭과,1
190,갭이,1
191,갱도,2
192,거기까지,1
193,거닐고,1
194,거들었다,1
195,거래,1
196,거래되고,1
197,거래소,1
198,거래일,1
199,거론했다,1
200,거리를,4
201,거리에서,1
202,거부권을,2
203,거부하는,2
204,거부하며,1
205,거부해,2
206,거세지자,1
207,거세질,1
208,거시경제,3
209,거점을,1
210,거점이었다,1
211,거주,1
212,거주하는,1
213,거처럼,1
214,건가,1
215,건강과,1
216,건강관리에,1
217,건강상태는,1
218,건강이상설이,2
219,건강하게,1
220,건너,1
221,건데,1
222,건물,4
223,건물이,1
224,건설,2
225,건설업체와,1
226,건수는,3
227,건으로,3
228,건장한,3
229,건전성을,1
230,걷어차기,1
231,걸,1
232,걸그룹,1
233,걸렸다,1
234,걸렸다고,3
235,걸렸다는,2
236,걸리면,1
237,걸린,3
238,걸음을,2
239,걸쳐,5
240,검사,20
241,검사가,1
242,검사를,5
243,검사에서,2
244,검사요건이,3
245,검사장,1
246,검색어,1
247,검색해,8
248,검역,3
249,검역관,3
250,검역에서,3
251,검정,1
252,검출됐고,1
253,검출됐다는,2
254,검토하고,2
255,검토할,1
256,겁니다,3
257,것과,1
258,것과는,1
259,것도,1
260,것들을,1
261,것에,1
262,것에서,1
263,것이고,2
264,것이냐며,1
265,것이라고,9
266,것이라는,8
267,것이라며,1
268,것이란,2
269,것이며,1
270,것이었다,1
271,것인지는,1
272,것인지를,1
273,것일,1
274,것입니다,2
275,것처럼,1
276,겉보기에는,1
277,게시되고,1
278,게오르기,2
279,게재된,2
280,게재했다,1
281,게티이미지,2
282,게티이미지코리아,1
283,겨냥한,1
284,겨냥해,3
285,격동과,1
286,격동의,1
287,격리,3
288,격이,1
289,격인,1
290,격추했다고,1
291,겪고,3
292,겪을,2
293,견지하기로,1
294,견지했다,1
295,견해가,1
296,결과가,1
297,결과는,1
298,결과를,1
299,결과물이,2
300,결과에,1
301,결과였다,1
302,결과입니다,1
303,결론은,1
304,결선에,1
305,결선을,1
306,결실이,1
307,결을,1
308,결정된다,1
309,결정은,1
310,결정을,6
311,결정이지만,1
312,결정적으로,1
313,결정하기도,1
314,결정한,1
315,결정할,3
316,결정했다,3
317,결정했다고,1
318,결정했습니다,1
319,결정회의에서,1
320,결집해,1
321,결코,1
322,경각심을,1
323,경계,1
324,경고가,1
325,경고와,1
326,경고했다,1
327,경고했습니다,2
328,경기,7
329,경기를,1
330,경기와,1
331,경기장,1
332,경기침체,1
333,경기침체가,2
334,경기침체는,1
335,경기침체를,1
336,경기침체에,3
337,경로는,1
338,경상수지,11
339,경상을,1
340,경상흑자,1
341,경색,1
342,경신하게,1
343,경신한,1
344,경신했는데,1
345,경신했다,3
346,경악케,1
347,경우가,3
348,경우는,2
349,경우로,1
350,경우를,3
351,경우에는,3
352,경유,2
353,경유는,1
354,경유의,1
355,경쟁에서,1
356,경쟁을,1
357,경제,12
358,경제가,1
359,경제도,1
360,경제를,3
361,경제수도,2
362,경제안보,4
363,경제안보는,1
364,경제안보비서관실을,1
365,경제에,2
366,경제와,1
367,경제적,2
368,경제정보,1
369,경제학자들,1
370,경찰,3
371,경찰에,1
372,경찰은,2
373,경찰이,1
374,경향닷컴,1
375,경향신문,1
376,계기로,1
377,계속,8
378,계속되는,1
379,계속되면서,1
380,계속될,1
381,계속하기로,1
382,계속하면서,1
383,계속할,1
384,계속해서,1
385,계약이,1
386,계절,1
387,계정을,2
388,계획,1
389,계획도,1
390,계획에,2
391,계획을,1
392,계획이,1
393,계획이라고,2
394,계획인,1
395,계획입니다,1
396,계획하고,1
397,고객들에게,1
398,고객들이,2
399,고공행진,1
400,고공행진이,1
401,고국인,1
402,고대하고,2
403,고려한,1
404,고려할,1
405,고려해,1
406,고루,1
407,고르지,1
408,고립,1
409,고문과,1
410,고문은,1
411,고문하고,1
412,고미혜,3
413,고보르가,1
414,고석현,1
415,고속도로에서,1
416,고수하기로,1
417,고시하는,1
418,고액,2
419,고용도,1
420,고용을,1
421,고위,4
422,고위층,1
423,고유가가,1
424,고유가로,2
425,고정밀,1
426,고조하는,1
427,고향입니다,1
428,곡물가,1
429,곡물가가,1
430,곤란을,1
431,골드만삭스와,1
432,골든,2
433,골든부츠를,1
434,골라,1
435,골을,1
436,곳의,1
437,곳이,2
438,곳이다,1
439,곳이었습니다,1
440,곳입니다,1
441,공감대를,1
442,공감언론,31
443,공감했지만,1
444,공개돼,1
445,공개되자,2
446,공개적으로,1
447,공개하지,3
448,공개하진,1
449,공개한,1
450,공개했다,1
451,공격,1
452,공격으로,1
453,공격은,1
454,공격을,2
455,공격적인,1
456,공고,1
457,공고문을,1
458,공공,1
459,공공안전에,1
460,공군기지를,1
461,공급,3
462,공급난,1
463,공급망,5
464,공급망의,1
465,공급망이,2
466,공급제약과,1
467,공급하는,1
468,공급한다면,1
469,공동기자회견을,1
470,공방을,1
471,공사를,1
472,공세가,1
473,공습으로,1
474,공식,4
475,공안국,1
476,공안국이,1
477,공안당국은,1
478,공안은,2
479,공안이,1
480,공약도,1
481,공약을,1
482,공언해,1
483,공언했다,2
484,공언했던,1
485,공용통화로,1
486,공원에서,1
487,공원을,1
488,공장,1
489,공장에서,2
490,공장을,3
491,공존하는,1
492,공터에는,1
493,공포에서,1
494,공항,7
495,공항에서,3
496,공항으로,3
497,공항을,1
498,공화당,1
499,과거,2
500,과거에,1
501,과거에는,2
502,과거와는,1
503,과기일보는,1
504,과반,1
505,과반을,1
506,과소평가해서는,1
507,과일인,1
508,과적된,1
509,과정에,1
510,과정에서,4
511,과제다,1
512,과제로,1
513,과제를,1
514,과학계에서,1
515,관객들은,1
516,관계가,3
517,관계는,1
518,관계에,1
519,관계에서,1
520,관계였던,1
521,관계의,1
522,관계자,1
523,관계자는,6
524,관계자들을,1
525,관계자로,1
526,관광,1
527,관광객들이,1
528,관광객을,1
529,관광단체들은,1
530,관련된,3
531,관련이,1
532,관련한,2
533,관련해,5
534,관련해서는,1
535,관련해서도,1
536,관리는,1
537,관리를,1
538,관리방안,1
539,관리하고,2
540,관리하기,1
541,관방장관은,1
542,관방장관이,1
543,관세,1
544,관세가,1
545,관세를,1
546,관심도는,1
547,관심이,2
548,관여를,1
549,관영,4
550,관영매체,1
551,관저에서,1
552,관찰대상국,2
553,관찰대상국에,3
554,관찰대상국으로,5
555,관찰자망에,2
556,관측을,1
557,관측이,2
558,관측이다,1
559,관해,2
560,관해서,1
561,관현악단이,1
562,광고료,2
563,광릉숲,1
564,광장에,2
565,괴롭히면서,1
566,굉장히,2
567,교란한,1
568,교류에,1
569,교수팀이,1
570,교역국,1
571,교역국의,1
572,교육과학문화기구,1
573,교육을,1
574,교착,1
575,교토,2
576,교토부,7
577,교토부와,2
578,교통,1
579,교환이,2
580,구가,1
581,구글,1
582,구글은,1
583,구글을,1
584,구금되고,1
585,구급,2
586,구급대의,1
587,구로다,1
588,구를,2
589,구마모토현,1
590,구매할,1
591,구상,1
592,구성돼있다,1
593,구이저우성에,1
594,구이저우성의,1
595,구인지,1
596,구조돼,1
597,구조된,1
598,구조조정,1
599,구체적인,3
600,구축,1
601,구축도,1
602,구축하는,1
603,구축했었지만,1
604,구타,1
605,구타를,2
606,구타해서도,1
607,구형,1
608,국가,4
609,국가가,3
610,국가는,2
611,국가들과,1
612,국가들이,1
613,국가발전개혁위는,1
614,국가발전개혁위원회는,1
615,국가안보보좌관이,1
616,국가안보회의,1
617,국가에,1
618,국가에서도,2
619,국가이다,1
620,국가주석이,2
621,국경,2
622,국고로,1
623,국권,1
624,국내,7
625,국내외,1
626,국내총생산,3
627,국면에서도,1
628,국무위원장은,1
629,국무장관,1
630,국무장관이,1
631,국민과,1
632,국민들에게,1
633,국민의,2
634,국방,1
635,국방당국,1
636,국방부,1
637,국방부가,1
638,국방부를,1
639,국방부장,1
640,국방부장은,1
641,국방수장은,2
642,국방장관과,2
643,국방장관이,6
644,국영,4
645,국왕의,2
646,국익,1
647,국익을,1
648,국장은,1
649,국장이,1
650,국적의,1
651,국정,2
652,국제,13
653,국제경제,1
654,국제공항에서,1
655,국제금융자본시장에,1
656,국제기구와,1
657,국제대회,1
658,국제대회로,1
659,국제무역,2
660,국제보도,1
661,국제사회,1
662,국제사회에서,3
663,국제사회의,1
664,국제연합,1
665,국제조정이사회,2
666,국제조정이사회에서,1
667,국제항공여행객을,1
668,국채,6
669,국채금리,1
670,국채는,1
671,국채도,2
672,국채를,1
673,국회,3
674,국회의사당에서,1
675,군,4
676,군대를,2
677,군사,4
678,군사원조는,1
679,군사작전을,1
680,군사적,3
681,군사적인,1
682,군인,1
683,군인들이,1
684,군인의,1
685,굳건함을,2
686,굳어졌다고,1
687,굴욕감을,1
688,궁전,1
689,궁전에서,1
690,권고한다,1
691,권리나,1
692,권민철,2
693,권장하는,1
694,귀국,4
695,귀국한,6
696,규모,3
697,규모가,2
698,규모로,1
699,규모를,4
700,규모에서,1
701,규모의,2
702,규범,1
703,규범을,1
704,규제라며,3
705,규칙에,2
706,균형,1
707,그간,4
708,그것은,3
709,그곳에,1
710,그곳을,1
711,그동안,4
712,그동안의,1
713,그들은,1
714,그들이,1
715,그때보다,1
716,그러면서,5
717,그럴,1
718,그럼에도,1
719,그렇게,2
720,그렇다,1
721,그룹,1
722,그룹은,1
723,그룹이,1
724,그를,2
725,그린은,1
726,그었습니다,1
727,그중,1
728,그쳤다,1
729,그치지,1
730,극도로,1
731,극복할,2
732,근근이,1
733,근무,1
734,근본적으로,2
735,근원,6
736,근육통,1
737,근접했다,1
738,근접했다고,1
739,근처에서,1
740,근처에서도,1
741,글로벌,8
742,글로벌마켓에,2
743,글로벌타임스는,1
744,글에서,1
745,글을,2
746,금,1
747,금과,2
748,금리,8
749,금리는,2
750,금리를,5
751,금리인상,4
752,금리인상폭을,1
753,금리조작을,1
754,금액,1
755,금액은,1
756,금액의,1
757,금액이다,1
758,금요일,2
759,금융,2
760,금융과,1
761,금융긴축,1
762,금융긴축을,1
763,금융완화,1
764,금융완화는,1
765,금융완화를,2
766,금융완화책을,1
767,금융위원회,1
768,금융정책,1
769,금융정책결정회의에서,1
770,금융청과,1
771,금주,1
772,금지시켰고,1
773,금지합니다,1
774,금지했을,1
775,급감해,1
776,급격한,2
777,급격히,3
778,급등세는,1
779,급등을,3
780,급등의,1
781,급등이,1
782,급등한,2
783,급등해,3
784,급등했다,5
785,급등했다고,4
786,급락세로,2
787,급락으로,1
788,급락하는,1
789,급락한,1
790,급랭했다,1
791,급속한,1
792,급속히,2
793,긍,1
794,긍정적으로,1
795,기간,2
796,기간보다,3
797,기간에,2
798,기괴한,1
799,기구다,1
800,기권,1
801,기권율은,1
802,기내에서,1
803,기념해,1
804,기대를,2
805,기대치가,2
806,기로에,1
807,기록을,7
808,기록이,1
809,기록하는,1
810,기록하며,1
811,기록하면서,1
812,기록한,5
813,기록할,1
814,기록했다,6
815,기록했다고,1
816,기록했습니다,2
817,기록했었다,1
818,기름값,1
819,기름값이,1
820,기미를,1
821,기반한,1
822,기본적,1
823,기사,3
824,기사내용,12
825,기사는,2
826,기사를,2
827,기사문의,1
828,기사에는,1
829,기사와,2
830,기사입니다,2
831,기소했습니다,1
832,기술,2
833,기승을,3
834,기시다,4
835,기업,1
836,기업개발,1
837,기업들의,1
838,기여했다,1
839,기울고,1
840,기울기를,1
841,기울이고,1
842,기울인다,1
843,기원을,1
844,기자가,1
845,기자들과,3
846,기자들에게,1
847,기자들의,1
848,기자의,1
849,기자입니다,3
850,기자회견에서,3
851,기자회견을,1
852,기조,2
853,기조로는,1
854,기조를,2
855,기조에도,1
856,기존,7
857,기존보다,1
858,기존에는,1
859,기존의,1
860,기준금리,3
861,기준금리를,7
862,기준에,2
863,기준을,3
864,기준이,3
865,기준치를,1
866,기지를,1
867,기차,1
868,기차를,1
869,기차편은,1
870,기후현,6
871,긴,2
872,긴급,1
873,긴급대책,1
874,긴밀히,2
875,긴장관계가,1
876,긴축,2
877,긴축을,2
878,긴축이,2
879,길로,2
880,길에,1
881,김난영,4
882,김리안,1
883,김미향,1
884,김민지,1
885,김서원,1
886,김성진,1
887,김승욱,1
888,김예슬,1
889,김예진,1
890,김응건,1
891,김정남,2
892,김정률,1
893,김정아,2
894,김정은,1
895,김정환,1
896,김지수,1
897,김지수입니다,1
898,김지은,1
899,김진방,1
900,김태규,1
901,김현경,1
902,김현경기자,1
903,깊숙이,2
904,깨뜨렸다,1
905,깨질,1
906,꺾였다,1
907,꺾이기는,1
908,껄끄러운,1
909,꼬인,1
910,꼽았다,2
911,꼽았습니다,1
912,꼽혔지만,1
913,꼽히는,1
914,꼽힌다,1
915,끊이지,1
916,끊임없이,1
917,끌고,2
918,끌어,1
919,끌어내리는,1
920,끔찍한,1
921,끝,1
922,끝나감에,1
923,끝나기,1
924,끝냈으며,1
925,끝에,1
926,끼친다,1
927,끼칠,1
928,나가는,1
929,나라,2
930,나라가,2
931,나라는,2
932,나라도,1
933,나라들의,1
934,나라의,3
935,나름,1
936,나름대로,1
937,나빠질,1
938,나서,2
939,나서겠다,1
940,나서려고,1
941,나선,2
942,나선다고,1
943,나설,1
944,나섰다,1
945,나섰습니다,2
946,나스닥,4
947,나아가기로,1
948,나아져야,1
949,나오고,1
950,나오리라고,1
951,나오며,1
952,나오지,1
953,나온다,3
954,나올,1
955,나와,1
956,나와야,2
957,나왔다,7
958,나왔습니다,3
959,나이브,1
960,나이브트래커,1
961,나이지리아,3
962,나이지리아가,1
963,나이트,1
964,나타나,1
965,나타나면,1
966,나타난,1
967,나타났다,2
968,나타났다고,1
969,나타났습니다,3
970,나토,9
971,나토는,1
972,나토에,1
973,나홀로,1
974,낙관적인,1
975,낙태권을,1
976,난다,1
977,난동을,1
978,난입해,1
979,날,3
980,날까지,1
981,날보다,1
982,날씬함에,1
983,날씬해지고,1
984,남부,2
985,남부지역에서,1
986,남서부,1
987,남성,11
988,남성들로부터,1
989,남성들은,2
990,남성은,4
991,남성을,1
992,남성의,1
993,남성이,4
994,남성인,1
995,남아,3
996,남아프리카공화국이,1
997,남았으나,1
998,남쪽으로,1
999,남편과,1
1000,납품될,1
1001,낫다고,1
1002,낭비할,1
1003,낮고,1
1004,낮아질,1
1005,낮았다,1
1006,낮은,3
1007,낳고,1
1008,내고,3
1009,내기도,1
1010,내년,1
1011,내놓고,1
1012,내놓은,3
1013,내놨다,1
1014,내다봤다,1
1015,내다봤습니다,1
1016,내려,2
1017,내려왔다,1
1018,내렸기,1
1019,내렸다,1
1020,내리기,1
1021,내리는,1
1022,내리면서,1
1023,내린,4
1024,내릴,1
1025,내면,1
1026,내보냈다,1
1027,내보였다는,1
1028,내색을,1
1029,내에서의,1
1030,내엔,1
1031,내온,1
1032,내용과,1
1033,내용물을,2
1034,내용은,1
1035,내정,1
1036,내정됐다,1
1037,내정됐습니다,1
1038,내주부터,1
1039,낼,1
1040,냈고,1
1041,냉정했다,1
1042,너무,5
1043,넉,1
1044,넓히겠다는,1
1045,넘게,3
1046,넘겨받은,1
1047,넘겼고,1
1048,넘는,6
1049,넘는다는,1
1050,넘는지,1
1051,넘도록,1
1052,넘어,2
1053,넘어선,2
1054,넘어섰다,4
1055,넘어섰습니다,1
1056,넘었다,5
1057,넘었다고,1
1058,넘었으며,1
1059,넣었습니다,1
1060,네트워크,4
1061,네티즌들은,3
1062,네티즌은,1
1063,년간,7
1064,년과,1
1065,년만,1
1066,년만기,1
1067,년물,6
1068,년부터,2
1069,년에,2
1070,년에는,1
1071,년엔,1
1072,년이,1
1073,노동부가,1
1074,노동부는,8
1075,노동부에,1
1076,노력,1
1077,노력뿐,1
1078,노력을,2
1079,노력이,2
1080,노력하겠다,3
1081,노력하는,1
1082,노력했지만,1
1083,노브고로드,2
1084,노선을,2
1085,노조,1
1086,노출됐으며,1
1087,논란이,1
1088,논의하는,1
1089,논의한,1
1090,논의한다,1
1091,놀라,1
1092,농산품에,1
1093,농수산물에,1
1094,높다는,1
1095,높아졌다,2
1096,높아졌다는,1
1097,높아지고,3
1098,높아질,1
1099,높았다,4
1100,높은지,1
1101,높이고,1
1102,높이면,1
1103,높일,1
1104,높지,1
1105,뇌가,1
1106,누계,3
1107,누구와,1
1108,누그러지거나,1
1109,누워있는,1
1110,누적,1
1111,눈,1
1112,눈감지는,1
1113,눈길을,1
1114,눈을,1
1115,뉴스가,8
1116,뉴시스,45
1117,뉴시스통신사,16
1118,뉴욕,6
1119,뉴욕시간으로,1
1120,뉴욕타임스는,1
1121,느끼고,1
1122,느끼지,1
1123,느낀다,1
1124,느낀다는,1
1125,느낌,1
1126,느낌이라서,1
1127,느린,1
1128,늑장,1
1129,늘려야,1
1130,늘릴,1
1131,늘어나,1
1132,늘어나는,1
1133,늘어난,4
1134,늘어났고,1
1135,늘었습니다,1
1136,능력,2
1137,늦기는,2
1138,늦추는,1
1139,늦춰서는,1
1140,니니스퇴,1
1141,니제르,4
1142,니제르가,1
1143,니제르는,1
1144,니콜라스,3
1145,닛케이,2
1146,다,6
1147,다가가는,1
1148,다가간다,1
1149,다가섰다,1
1150,다가오는,2
1151,다급하게,1
1152,다도해,1
1153,다발성,1
1154,다발성장기부전이었다,1
1155,다방면으로,2
1156,다수가,1
1157,다수로,1
1158,다수를,1
1159,다수의,1
1160,다시는,1
1161,다연장로켓,1
1162,다연장로켓발사기,1
1163,다우존스,2
1164,다우존스산업평균지수,1
1165,다우지수와,1
1166,다음달,1
1167,다음주부터,1
1168,다이아몬드,6
1169,다이어트,1
1170,다이어트를,1
1171,다쳤다고,1
1172,다쳤습니다,1
1173,다투었다,1
1174,다할,1
1175,다해야,1
1176,다행히,1
1177,단가,2
1178,단계,1
1179,단계적으로,1
1180,단기,2
1181,단기금리를,1
1182,단돈,1
1183,단순,1
1184,단장해,1
1185,단체,3
1186,단체들은,2
1187,단행할,2
1188,단호한,1
1189,달,12
1190,달라서,1
1191,달라졌다,1
1192,달라진,1
1193,달러,17
1194,달러가,2
1195,달러다,1
1196,달러당,4
1197,달러대를,1
1198,달러로,5
1199,달러를,7
1200,달러에,5
1201,달러에서,1
1202,달러화,1
1203,달려,1
1204,달리,1
1205,달보다,1
1206,달성해야,1
1207,달에,1
1208,달인,1
1209,달할,1
1210,달합니다,2
1211,달해서,1
1212,달했다,1
1213,닮았다,1
1214,담겼다,1
1215,담긴,1
1216,담당,1
1217,답변이,1
1218,답변자,2
1219,답하고,2
1220,답하는,1
1221,답했다,5
1222,답했다고,2
1223,답했으며,1
1224,닷새째,1
1225,당,8
1226,당국은,4
1227,당국이,2
1228,당국인,1
1229,당국자,1
1230,당국자는,5
1231,당국자를,1
1232,당면,1
1233,당면한,1
1234,당분간,8
1235,당분간은,2
1236,당사국총회,1
1237,당선,1
1238,당선자,1
1239,당시에도,2
1240,당신들은,1
1241,당신의,8
1242,당위위원회와,1
1243,당일,1
1244,당초,2
1245,당하는,3
1246,당한,2
1247,당했다,1
1248,대결,1
1249,대규모,7
1250,대기업,1
1251,대다수가,1
1252,대담해지는,1
1253,대답을,1
1254,대륙으로,1
1255,대륙이,1
1256,대를,2
1257,대립을,1
1258,대만,9
1259,대만산,8
1260,대만에서,1
1261,대만은,1
1262,대만을,1
1263,대만의,3
1264,대만이,1
1265,대만인,1
1266,대면으로,1
1267,대면회담에서,1
1268,대미,4
1269,대미무역,3
1270,대미무역흑자는,1
1271,대변인,1
1272,대변인은,10
1273,대부분,3
1274,대부분과,1
1275,대부분은,1
1276,대부분의,1
1277,대부분이,1
1278,대부분이라고,1
1279,대북,1
1280,대비,15
1281,대비로는,4
1282,대비로도,3
1283,대비태세,1
1284,대사,3
1285,대사가,5
1286,대사관,5
1287,대사관에서,2
1288,대사관으로서도,1
1289,대사는,22
1290,대사로,1
1291,대사로서,1
1292,대사의,2
1293,대상국들이,1
1294,대상국에는,1
1295,대상으로,6
1296,대상이,1
1297,대선,1
1298,대수를,1
1299,대신할,1
1300,대에,1
1301,대외문제,1
1302,대유행,1
1303,대유행으로,1
1304,대응,2
1305,대응과,3
1306,대응도,1
1307,대응시,1
1308,대응에,1
1309,대응에서,1
1310,대응을,2
1311,대응이다,1
1312,대응키로,1
1313,대응태세,2
1314,대응하기,2
1315,대응하지,1
1316,대응할,5
1317,대입,1
1318,대제가,1
1319,대제나,1
1320,대제는,1
1321,대중,1
1322,대중의,1
1323,대처해야,1
1324,대처했다고,1
1325,대체인력이,1
1326,대출,1
1327,대통령,13
1328,대통령과,4
1329,대통령도,2
1330,대통령실에서도,1
1331,대통령실이,1
1332,대통령은,30
1333,대통령을,4
1334,대통령의,8
1335,대통령이,22
1336,대표,1
1337,대표가,2
1338,대표는,4
1339,대표단,1
1340,대표단원,1
1341,대표단원들이,1
1342,대표단을,1
1343,대표팀,1
1344,대표하는,2
1345,대한민국,3
1346,대한민국이,1
1347,대항마인,1
1348,대해선,1
1349,대형,7
1350,대화,3
1351,대화가,1
1352,대화의,1
1353,대화하느냐와는,1
1354,대회는,1
1355,댔고,1
1356,더는,4
1357,더하면,3
1358,덜,1
1359,덧붙였다,7
1360,덧붙이며,1
1361,덮힌,1
1362,데는,1
1363,데다,1
1364,데려가는,1
1365,데려갔습니다,1
1366,데뷔,1
1367,데이터가,1
1368,데일리메일,4
1369,도널드,2
1370,도네츠크와,1
1371,도달하지,1
1372,도대체,1
1373,도덕에,1
1374,도로에는,1
1375,도망쳤다,1
1376,도매,3
1377,도매물가가,2
1378,도발행위에,1
1379,도시,3
1380,도시다,1
1381,도시들이,1
1382,도시의,1
1383,도와주고,1
1384,도움을,1
1385,도입한,1
1386,도전과,2
1387,도전을,1
1388,도중,1
1389,도착한,1
1390,도치카,2
1391,도쿄,10
1392,도쿄도,1
1393,도쿄도가,3
1394,도쿄도에서,3
1395,도쿄도와,1
1396,도쿄의,3
1397,독감과,2
1398,독립운동을,1
1399,독립을,1
1400,독립적인,1
1401,독일,12
1402,돈바스,1
1403,돈바스에,1
1404,돈이,1
1405,돌려받았다,1
1406,돌려받았다고,1
1407,돌려받은,1
1408,돌렸다,1
1409,돌릴,1
1410,돌아가,1
1411,돌아가도록,1
1412,돌아다니는,1
1413,돌아섰다,4
1414,돌아오지,1
1415,돌연,1
1416,돌입한다,1
1417,돌파했다,1
1418,돕기,1
1419,동결하고,1
1420,동결하기로,1
1421,동기,5
1422,동남부와,1
1423,동맹,4
1424,동맹국들,1
1425,동맹으로,2
1426,동맹으로서,1
1427,동맹을,1
1428,동맹의,10
1429,동물,1
1430,동물권을,1
1431,동물들까지도,1
1432,동물들이,1
1433,동반,1
1434,동반자,1
1435,동방신기,1
1436,동부,4
1437,동부시간,3
1438,동성과,2
1439,동영상,1
1440,동영상으로,1
1441,동월,2
1442,동월보다,5
1443,동월에,1
1444,동의,1
1445,동일한,1
1446,동참의,1
1447,동향과,1
1448,돼,2
1449,돼야,1
1450,됐기,3
1451,됐다,4
1452,됐다는,1
1453,됐습니다,1
1454,되고,1
1455,되돌려받았을,1
1456,되면,2
1457,되지,2
1458,되찾았다는,1
1459,된다고,1
1460,된다는,1
1461,됩니다,8
1462,두고는,1
1463,두둔하는,1
1464,두드러졌다,1
1465,두려움과,1
1466,두려움이,1
1467,두리라는,1
1468,두말할,3
1469,두었다,1
1470,두통,1
1471,둔,1
1472,둔화된,1
1473,둔화하기,1
1474,둘째,1
1475,둬왔다,1
1476,뒤늦게,1
1477,뒤로,2
1478,뒤안길,1
1479,뒤안길로,1
1480,뒤엔,1
1481,뒤집고,1
1482,뒷마당,1
1483,뒷받침하겠다는,1
1484,드라기,1
1485,드러나면서,1
1486,드러난,3
1487,드러날,1
1488,드러났다,1
1489,드러났지만,1
1490,드러내,1
1491,드릴,1
1492,드물다,1
1493,드물지,1
1494,들어,6
1495,들어가,1
1496,들어가고,1
1497,들어간다,1
1498,들어오는,3
1499,들어와,1
1500,들어줬다,1
1501,들었다,1
1502,들에겐,1
1503,듯한,2
1504,등과,4
1505,등록,1
1506,등에서,6
1507,등으로,5
1508,등은,6
1509,등이,12
1510,등이다,3
1511,등장한,1
1512,등장해,1
1513,등장했습니다,1
1514,등재된,1
1515,디즈니월드,1
1516,디지털뉴스부,1
1517,디지털팀,1
1518,따르고,1
1519,따른,4
1520,땅바닥에,1
1521,땅인데,1
1522,때까지,1
1523,때도,1
1524,때라면,1
1525,때라면서,1
1526,때리고,1
1527,때리는,2
1528,때문으로,1
1529,때문이다,4
1530,때문이라고,1
1531,때문이라고도,1
1532,때문이라면,1
1533,때문입니다,1
1534,때보다,3
1535,떠라,1
1536,떨린다,1
1537,떨어뜨리지,1
1538,떨어뜨릴,1
1539,떨어져,1
1540,떨어져서,1
1541,떨어졌고,2
1542,떨어졌다,6
1543,떨어졌다가,1
1544,떨어졌지만,2
1545,떨어지면서,2
1546,떨어지지,1
1547,떨어지지는,1
1548,떨어진,3
1549,떨어질,1
1550,떼었는데,1
1551,뗀,1
1552,뗐다,2
1553,또는,1
1554,또다시,1
1555,똑같습니다,1
1556,뚫었다,1
1557,뛰고,1
1558,뛰어넘는,1
1559,뛰어넘었다,2
1560,뛰어넘으면서,2
1561,뛰어올라,2
1562,뛰었다,5
1563,뜨거운,1
1564,뜻이다,1
1565,라고도,1
1566,라며,15
1567,라면서,1
1568,라면서도,1
1569,라이시,2
1570,라이언,1
1571,라인,1
1572,랑팡시,1
1573,랠리하기는,1
1574,러시아,52
1575,러시아가,7
1576,러시아군,1
1577,러시아군에,1
1578,러시아군은,3
1579,러시아군을,1
1580,러시아군의,1
1581,러시아군이,4
1582,러시아는,5
1583,러시아로,1
1584,러시아로부터,2
1585,러시아를,2
1586,러시아산,1
1587,러시아에,5
1588,러시아에서,11
1589,러시아에서는,3
1590,러시아에서의,3
1591,러시아영토로,1
1592,러시아와,3
1593,러시아의,14
1594,런던,3
1595,런민왕,1
1596,레닌그라드,1
1597,레스토랑,1
1598,레스토랑에서,1
1599,레이건,7
1600,레이건공항을,1
1601,레일,1
1602,레일과,1
1603,레일은,2
1604,레제프,1
1605,로건,1
1606,로고,1
1607,로널드,1
1608,로드아일랜드,1
1609,로드아일랜드주,1
1610,로리,1
1611,로베르트,1
1612,로셸,2
1613,로스,1
1614,로이드,4
1615,로이터,9
1616,로이터는,2
1617,로이터에,2
1618,로이터연합뉴스,1
1619,로이터통신,2
1620,로이터통신에,4
1621,로이터통신은,1
1622,로이터통신이,1
1623,루노의,1
1624,루마니아,1
1625,루마니아를,2
1626,루베이구의,1
1627,루이,1
1628,르네상스당,1
1629,리그의,1
1630,리더십과,2
1631,리아노보스티,2
1632,리아노보스티통신은,1
1633,리알,2
1634,리알까지,1
1635,리알보다,1
1636,리알화,4
1637,리알화는,1
1638,리알화와,1
1639,리알화의,1
1640,리엔우,1
1641,리조트에서,1
1642,리트윗하며,1
1643,마가리타빌,1
1644,마감일자가,1
1645,마구잡이로,1
1646,마두로,3
1647,마드리드,1
1648,마드리드에서,1
1649,마리가,1
1650,마리는,1
1651,마리만,1
1652,마리오,1
1653,마리우폴을,1
1654,마무리했다,1
1655,마세요,1
1656,마스크를,3
1657,마쓰노,4
1658,마쓰타니,1
1659,마음이,1
1660,마이너스,2
1661,마이클,1
1662,마지막으로,1
1663,마지막이,1
1664,마찬가지입니다,1
1665,마치고,1
1666,마친,1
1667,마침표,1
1668,마켓워치에,1
1669,마크,1
1670,마크롱,14
1671,마크롱의,1
1672,마키,1
1673,막고,1
1674,막기,1
1675,막는다는,1
1676,막을,1
1677,만나,7
1678,만나고,1
1679,만나기,1
1680,만난다,1
1681,만남인,1
1682,만났습니다,1
1683,만달러,5
1684,만들,1
1685,만들어,1
1686,만들었다,1
1687,만들었다고,1
1688,만료되더라도,1
1689,만명,3
1690,만명대,3
1691,만명을,1
1692,만사니요,1
1693,만사우디리얄,1
1694,만여명의,1
1695,만원,2
1696,만유로,1
1697,만의,5
1698,만이다,1
1699,만장일치,1
1700,만족하는,1
1701,만지려,2
1702,만한,1
1703,만회하기,1
1704,많기,1
1705,말까지,2
1706,말라고,1
1707,말라며,1
1708,말라카이트,1
1709,말레이시아,3
1710,말로,1
1711,말리려,1
1712,말리지,1
1713,말씀드린,1
1714,말아야,1
1715,말에,1
1716,말이,1
1717,말하기는,1
1718,말한,3
1719,말했다고,2
1720,말했습니다,6
1721,맛보기,1
1722,맛은,1
1723,맛을,1
1724,맛의,3
1725,맛있고,1
1726,맛있다,2
1727,맛있다는,1
1728,망명을,1
1729,망원경의,1
1730,맞물려,1
1731,맞아,1
1732,맞이할,1
1733,맞춰,2
1734,맡았다,2
1735,매각,1
1736,매각을,1
1737,매각하겠다,1
1738,매각하기로,2
1739,매거래일,1
1740,매년,2
1741,매달,2
1742,매대,1
1743,매독,1
1744,매독이나,1
1745,매매,2
1746,매수,1
1747,매우,4
1748,매입,1
1749,매입을,1
1750,매입잔고를,1
1751,매입하고,1
1752,매입하기로,1
1753,매입하는,1
1754,매장,6
1755,매장과,1
1756,매장돼,1
1757,매장에서,2
1758,매장을,6
1759,매장의,1
1760,매장이,4
1761,매주,1
1762,매체,1
1763,매체는,1
1764,매체도,1
1765,매체들은,1
1766,매체에,2
1767,매체와의,1
1768,매출은,1
1769,매출을,1
1770,매파적인,1
1771,맥도날드,5
1772,맥도날드가,3
1773,맥도날드는,3
1774,맥도날드를,2
1775,맥도날드와,1
1776,맥도날드의,4
1777,맥락에서,1
1778,머리를,1
1779,먼저,1
1780,멈추지,1
1781,멈출,2
1782,메가쇼핑센터에,1
1783,메뉴,2
1784,메뉴는,1
1785,메뉴에,1
1786,메뉴와,3
1787,메드스타,1
1788,메릴랜드주,1
1789,메모에서,1
1790,메인,1
1791,메일,8
1792,메커니즘에,1
1793,멕시코,16
1794,멕시코시티,3
1795,멕시코에서는,2
1796,멤버,1
1797,멤버가,1
1798,면담,1
1799,면담이나,1
1800,면담할,2
1801,면서,17
1802,면서도,2
1803,면에서,2
1804,면제에,1
1805,멸종,1
1806,명가량의,1
1807,명과,6
1808,명기했다,1
1809,명기했습니다,1
1810,명대로,1
1811,명도,2
1812,명만,1
1813,명목으로,1
1814,명심하라,1
1815,명씩,3
1816,명에,1
1817,명에게,2
1818,명으로,9
1819,명으로부터,1
1820,명은,4
1821,명을,22
1822,명이,23
1823,명이고,3
1824,명이나,1
1825,명이다,12
1826,명중했다,1
1827,명칭인,1
1828,명확하지,1
1829,명확한,1
1830,명확히,1
1831,모간은,1
1832,모건,1
1833,모국이,1
1834,모니터에,1
1835,모델,1
1836,모두를,1
1837,모두발언에서,1
1838,모두에,1
1839,모르겠지만,1
1840,모르코와,1
1841,모바일,1
1842,모색할,2
1843,모스크바,13
1844,모스크바와,2
1845,모스크바주,1
1846,모습,4
1847,모습에,2
1848,모습으로,1
1849,모습이,2
1850,모습입니다,1
1851,모양새다,2
1852,모욕,1
1853,모은다,1
1854,모인,1
1855,모하메드,3
1856,목격된,1
1857,목격자들도,1
1858,목록에,2
1859,목소리를,3
1860,목숨을,4
1861,목에,1
1862,목적의,1
1863,목표,1
1864,목표라면서,1
1865,목표로,1
1866,목표를,1
1867,목표물을,1
1868,목표인,1
1869,몰고,1
1870,몰아넣을,1
1871,몸값은,1
1872,몸에,1
1873,몸을,1
1874,못,2
1875,못잤다,1
1876,못하게,2
1877,못하는가,1
1878,못할,1
1879,무게가,1
1880,무관하게,1
1881,무기,3
1882,무기가,1
1883,무기는,1
1884,무기보다,1
1885,무너져,1
1886,무너졌습니다,1
1887,무려,1
1888,무력시위를,1
1889,무력을,2
1890,무리가,1
1891,무분별하게,1
1892,무서웠습니다,1
1893,무슬림이,1
1894,무시하고,1
1895,무엇보다,1
1896,무역,10
1897,무역의,1
1898,무역촉진법에,3
1899,무역흑자,1
1900,무자비하게,1
1901,무장,4
1902,무장단체를,2
1903,무장단체에,1
1904,무차별,1
1905,무차별적으로,1
1906,무참히,1
1907,무함마드,4
1908,무효화할,1
1909,묶고,1
1910,묶여버린,1
1911,묶인,1
1912,문명,1
1913,문명으로,1
1914,문명을,1
1915,문언을,1
1916,문예성,1
1917,문을,5
1918,문재인,2
1919,문제가,5
1920,문제는,2
1921,문제도,1
1922,문제들을,1
1923,문제에,5
1924,문제와,1
1925,문제의,1
1926,문화,2
1927,묻는,2
1928,물가,7
1929,물가가,6
1930,물가는,3
1931,물가동향,1
1932,물가를,3
1933,물가상승률,1
1934,물가상승률은,1
1935,물가상승률이,1
1936,물가에,1
1937,물가의,1
1938,물가인상,1
1939,물가지수,1
1940,물론이고,2
1941,물류,1
1942,물류비,1
1943,물었다,2
1944,물질적,1
1945,물품의,1
1946,뭐가,1
1947,뭐냐,1
1948,미국,89
1949,미국과,4
1950,미국과의,1
1951,미국보다,1
1952,미국서,1
1953,미국식,1
1954,미국식에,1
1955,미국에,8
1956,미국에게,1
1957,미국에서,2
1958,미국으로,8
1959,미국은,8
1960,미국을,4
1961,미국의,31
1962,미국이,9
1963,미국인들은,1
1964,미국인들이,1
1965,미국인이,1
1966,미는,1
1967,미디어,1
1968,미래에,1
1969,미뤄질,1
1970,미르체아,1
1971,미사일,10
1972,미사일에,1
1973,미사일은,1
1974,미사일을,2
1975,미시간주의,1
1976,미일,1
1977,미증시는,1
1978,미첼,2
1979,미쳤다,1
1980,미치고,1
1981,미치는,1
1982,미친다,2
1983,미칠,1
1984,미터,2
1985,미하일,1
1986,민간,2
1987,민간이,1
1988,민간인,3
1989,민간인을,2
1990,민생과,1
1991,민성기,1
1992,민주주의,1
1993,민주주의를,2
1994,민주주의에,1
1995,민주주의의,1
1996,믿기지,1
1997,믿는다,1
1998,밀레니오,1
1999,밀어낸다,1
2000,밀어붙인,1
2001,밀치자,1
2002,밑으로,1
2003,바,13
2004,바가,3
2005,바깥에,1
2006,바꾸고,2
2007,바꾸지,1
2008,바꿀,1
2009,바뀌었습니다,1
2010,바뀌지는,1
2011,바뀐다,1
2012,바닥을,1
2013,바드르,1
2014,바라지,2
2015,바람직한,1
2016,바이두,1
2017,바이두에서,1
2018,바이든,33
2019,바이러스가,1
2020,바이러스는,1
2021,바이러스를,2
2022,바이러스에,1
2023,바이올렛,1
2024,바줌,5
2025,바짝,1
2026,바첼레트,8
2027,바텐더를,1
2028,박진,2
2029,박형기,1
2030,박효재,1
2031,밖까지,1
2032,밖에서,3
2033,밖으로,1
2034,밖의,1
2035,반,1
2036,반격,1
2037,반경의,1
2038,반대를,1
2039,반대쪽으로,1
2040,반대하고,1
2041,반대하는,2
2042,반대한다고,1
2043,반등하면서,2
2044,반등했다,1
2045,반려견,1
2046,반려동물로,1
2047,반면,2
2048,반문했습니다,1
2049,반미,1
2050,반박하면서,1
2051,반비례한다,1
2052,반사경의,1
2053,반응이,1
2054,반쯤,1
2055,반체제,2
2056,반환된,1
2057,받기,1
2058,받는,5
2059,받도록,1
2060,받아들여질,1
2061,받아왔다,1
2062,받아왔습니다,1
2063,받았고,1
2064,받았다,1
2065,받은,8
2066,받지,3
2067,발견됐는데,1
2068,발견됐다고,1
2069,발견되지,1
2070,발견된,1
2071,발견하는,1
2072,발견했다,2
2073,발길질,1
2074,발도,1
2075,발로,1
2076,발병하고,2
2077,발사,1
2078,발사기,1
2079,발사대,1
2080,발사됐다,1
2081,발사되지,1
2082,발사했다,1
2083,발사했다고,1
2084,발생,4
2085,발생하지만,1
2086,발생한,1
2087,발생해,1
2088,발생했다,3
2089,발생했다고,1
2090,발생했습니다,1
2091,발생했을,1
2092,발언은,2
2093,발언을,6
2094,발언하고,3
2095,발언했던,1
2096,발이,2
2097,발전될,1
2098,발전시키는,1
2099,발전을,1
2100,발전의,1
2101,발전이,2
2102,발전하고,1
2103,발전하도록,1
2104,발진이,3
2105,발표가,1
2106,발표됐다며,1
2107,발표되기도,1
2108,발표되면서,1
2109,발표되자,2
2110,발표된,2
2111,발표를,5
2112,발표하겠다고,1
2113,발표하고,2
2114,발표한,5
2115,발표한다고,1
2116,발표할,1
2117,발표했다,11
2118,발효되면,1
2119,발효하겠다고,1
2120,밝혀,1
2121,밝혔다고,1
2122,밝혔다는,1
2123,밝혔습니다,13
2124,밝히는,1
2125,밝히진,1
2126,밝힌,3
2127,밟고,1
2128,밟는,1
2129,밟을,3
2130,밤,1
2131,밤늦게,1
2132,밧줄을,1
2133,밧줄이,1
2134,방공식별구역,1
2135,방문,4
2136,방문과는,2
2137,방문도,2
2138,방문을,3
2139,방문이,2
2140,방문이다,1
2141,방문하는,2
2142,방문하는데,1
2143,방문한,3
2144,방문한다,3
2145,방문할,4
2146,방문해,1
2147,방문했다가,1
2148,방문했으나,1
2149,방미,1
2150,방법이,1
2151,방송,1
2152,방송은,3
2153,방송이,1
2154,방식으로,1
2155,방안을,2
2156,방어선을,1
2157,방어하던,1
2158,방역수칙을,1
2159,방위,1
2160,방위력을,2
2161,방위비를,1
2162,방지를,1
2163,방치됐던,1
2164,방치된,1
2165,방침,3
2166,방침도,1
2167,방침에,1
2168,방침을,4
2169,방침입니다,1
2170,방탄소년단,1
2171,방해하고,1
2172,방화지구도,1
2173,배,5
2174,배경에,1
2175,배경에는,1
2176,배경으로,1
2177,배럴당,2
2178,배송될,2
2179,배에,1
2180,배우,3
2181,배제하지,2
2182,배제해서는,1
2183,배치와,2
2184,배포금지,1
2185,배후로,2
2186,백악관,4
2187,백악관과,1
2188,백악관에,1
2189,백악관의,2
2190,버렸습니다,1
2191,버리지,1
2192,버스로,1
2193,버스를,1
2194,버킹엄,1
2195,버팀목이자,1
2196,번에,2
2197,번영,1
2198,번의,1
2199,번질,1
2200,벌어졌다,2
2201,벌어졌습니다,1
2202,벌어진,2
2203,벌어질지,1
2204,벌였다,1
2205,벌였습니다,1
2206,벌을,2
2207,벌이는,1
2208,범죄,3
2209,범죄자는,1
2210,범주,1
2211,법무부는,1
2212,법안을,1
2213,법에,2
2214,법을,2
2215,법정통화,2
2216,베네수엘라,3
2217,베네수엘라가,1
2218,베네수엘라는,1
2219,베이시스포인트,1
2220,베이징,1
2221,베이징사범대,1
2222,베이징에서,3
2223,베이징에선,1
2224,베트남,3
2225,베트남과,1
2226,베풀어선,1
2227,벨파스트,1
2228,벨파스트의,1
2229,벵골,1
2230,벽이,1
2231,변경해,1
2232,변경했습니다,1
2233,변동성이,6
2234,변명의,1
2235,변수입니다,1
2236,변이,2
2237,변이가,3
2238,변이를,2
2239,변이보다,1
2240,변이의,1
2241,변이인,2
2242,변함이,2
2243,변화로,1
2244,변화의,1
2245,병력이,1
2246,병사,1
2247,병사의,1
2248,병세가,4
2249,병역,3
2250,병역문제도,1
2251,병원에,2
2252,병원으로,1
2253,병원치료를,2
2254,보건당국이,1
2255,보고됐다면서,1
2256,보고됐지만,1
2257,보고된,1
2258,보고서를,3
2259,보고서부터,1
2260,보고서부터는,1
2261,보고서에서,6
2262,보고서에서는,2
2263,보고서에서도,1
2264,보관된,1
2265,보기,1
2266,보내야,2
2267,보낼,1
2268,보는,3
2269,보는지,1
2270,보다,14
2271,보다는,2
2272,보다도,1
2273,보도에,4
2274,보도의,1
2275,보도입니다,1
2276,보도하자,1
2277,보도한,1
2278,보도합니다,1
2279,보도했다,19
2280,보도했습니다,4
2281,보스턴,1
2282,보아오포럼,1
2283,보악,1
2284,보안,1
2285,보안관실은,1
2286,보안관은,1
2287,보안요원들을,1
2288,보여,2
2289,보여주는,1
2290,보여주면서도,1
2291,보여준다고,1
2292,보였는지,1
2293,보였다,1
2294,보였다가,1
2295,보였습니다,1
2296,보유,1
2297,보유하고,1
2298,보유한,1
2299,보이기도,1
2300,보이는,3
2301,보이지,3
2302,보이지는,1
2303,보이지만,1
2304,보인다,3
2305,보입니다,1
2306,보장한,1
2307,보전과,1
2308,보전지역,1
2309,보전지역으로는,1
2310,보전지역은,1
2311,보지는,1
2312,보편적인,1
2313,보호하는,1
2314,보호할,2
2315,복무로,1
2316,복수의,1
2317,복원될,1
2318,복원을,1
2319,본,1
2320,본격,1
2321,본격적으로,1
2322,본국에,1
2323,본다는,1
2324,본바스트,1
2325,본보기로,2
2326,본부에서,2
2327,본부와,1
2328,본사가,2
2329,본사는,1
2330,본질적으로,1
2331,볼,2
2332,볼로디미르,2
2333,봄까지,1
2334,봉쇄,1
2335,봉투에,1
2336,봐도,1
2337,봤습니다,2
2338,부국들이,1
2339,부근,1
2340,부근에서,1
2341,부담,1
2342,부동산,1
2343,부리는,3
2344,부린,1
2345,부문,2
2346,부문에,3
2347,부분을,1
2348,부분이,1
2349,부분이었으며,1
2350,부분적으로,1
2351,부사장인,1
2352,부상으로,1
2353,부상자,1
2354,부상했다,1
2355,부양을,1
2356,부여했다,1
2357,부연했다,1
2358,부의장국에,1
2359,부의장국으로,1
2360,부의장국을,1
2361,부인한,1
2362,부인했다,1
2363,부임하게,1
2364,부임하려고,1
2365,부임한,2
2366,부임해,1
2367,부작용으로,1
2368,부작용이,1
2369,부장에게,1
2370,부장은,4
2371,부장이,1
2372,부정,1
2373,부정적으로,1
2374,부조정관을,2
2375,부족,1
2376,부족도,1
2377,부족으로,2
2378,부족하다는,2
2379,부족해,1
2380,부차,2
2381,부차는,1
2382,부차를,1
2383,부차에서,1
2384,부차입니다,1
2385,부채,1
2386,부총리는,2
2387,부추겼다,1
2388,부축하는,1
2389,부친의,1
2390,부켈레,7
2391,북대서양조약기구,4
2392,북부,2
2393,북부전쟁을,1
2394,북서쪽으로,1
2395,북아일랜드,2
2396,북아프리카,1
2397,북한,8
2398,북한만,2
2399,북한에,2
2400,북한에도,1
2401,북한은,1
2402,북한의,24
2403,북한이,4
2404,북핵,5
2405,북핵이,1
2406,분과,1
2407,분기에,1
2408,분까지,3
2409,분까지만,1
2410,분께,1
2411,분노를,1
2412,분노했다,1
2413,분들이,1
2414,분류된,1
2415,분류해,1
2416,분리,1
2417,분리주의,3
2418,분명하게,1
2419,분명한,2
2420,분명히,2
2421,분부터,4
2422,분석,2
2423,분석과,1
2424,분석도,1
2425,분석된다,2
2426,분석은,1
2427,분석이,2
2428,분석했다,2
2429,분석했습니다,1
2430,분야,2
2431,분야는,1
2432,분야다,1
2433,분야에,3
2434,분야에서,3
2435,분야의,1
2436,분에,1
2437,분위기,1
2438,분을,1
2439,분의,6
2440,분쯤,1
2441,분포를,3
2442,불가능하다,1
2443,불가능하다면서,1
2444,불가피하다,1
2445,불가피하다며,1
2446,불가피한,1
2447,불과했던,1
2448,불균형을,1
2449,불량한,2
2450,불러일으켰다,2
2451,불만이,1
2452,불법이,1
2453,불복한,1
2454,불안을,1
2455,불어나고,2
2456,불이,1
2457,불자,1
2458,불편한,1
2459,불평등을,1
2460,불필요한,4
2461,불합리할,2
2462,불확실합니다,2
2463,붕괴,1
2464,붙을,2
2465,브라이언,1
2466,브라질,4
2467,브랜드,4
2468,브랜드들이,2
2469,브랜드로,3
2470,브랜드명으로,1
2471,브랜드명이,1
2472,브루스,1
2473,브뤼셀,1
2474,브리기트와,1
2475,브리핑에서,4
2476,브릭스,3
2477,브쿠스노,8
2478,블라디미르,4
2479,블룸버그,1
2480,블룸버그와,1
2481,블룸버그통신,1
2482,블룸버그통신은,1
2483,블룸버그통신이,3
2484,블링컨,1
2485,비교하는,1
2486,비교하면,1
2487,비교해,1
2488,비교해서도,1
2489,비난,3
2490,비난을,1
2491,비난했다,2
2492,비닐,1
2493,비드노예,2
2494,비롯,1
2495,비롯한,1
2496,비상이,1
2497,비슷한,3
2498,비슷해,1
2499,비슷해졌으면,1
2500,비싼,1
2501,비용,1
2502,비용삭감,1
2503,비유하며,1
2504,비유한,1
2505,비이성적,1
2506,비전,2
2507,비제이,1
2508,비중,1
2509,비중도,1
2510,비중은,1
2511,비중을,1
2512,비중이,1
2513,비즈니스,1
2514,비트코인,12
2515,비트코인에,1
2516,비트코인에도,1
2517,비트코인은,2
2518,비트코인을,4
2519,비트코인의,3
2520,비트코인이,1
2521,비판에는,1
2522,비판을,2
2523,비판의,1
2524,비판해온,1
2525,비판했다,1
2526,비판했다고,1
2527,비풍토병,2
2528,비해,5
2529,비해선,1
2530,비핵화는,1
2531,비핵화를,1
2532,비행기,1
2533,비행기를,5
2534,비행편이,1
2535,빅맥은,1
2536,빅뱅,1
2537,빅스텝,2
2538,빅스텝을,3
2539,빅클럽들의,1
2540,빅토리아,1
2541,빈,10
2542,빈의,1
2543,빚고,1
2544,빠듯하다고,1
2545,빠듯하다는,1
2546,빠르게,3
2547,빠른,1
2548,빠져있다고,1
2549,빠진,1
2550,빠질,3
2551,빵,1
2552,빼고,1
2553,빼앗기는,1
2554,뺐다,2
2555,뺨을,1
2556,뽑혔다,1
2557,뿌리치고,1
2558,뿌리치며,1
2559,뿐만,2
2560,뿐입니다,1
2561,사거리가,1
2562,사건,8
2563,사건과,2
2564,사건에,4
2565,사건은,5
2566,사건을,3
2567,사건이,7
2568,사건인,1
2569,사고,2
2570,사고가,2
2571,사고로,1
2572,사다리,1
2573,사들이는,1
2574,사들인,1
2575,사라졌다,1
2576,사라졌지만,2
2577,사라진,2
2578,사람과,3
2579,사람들은,1
2580,사람이던,1
2581,사령관들,1
2582,사례가,1
2583,사례는,1
2584,사례도,1
2585,사망,3
2586,사망자,4
2587,사망자는,3
2588,사망한,1
2589,사명감과,2
2590,사무차장은,1
2591,사무총장은,5
2592,사무총장이,1
2593,사살된,1
2594,사상,7
2595,사상최고,1
2596,사설,1
2597,사실,1
2598,사실상,2
2599,사안하고,1
2600,사야,1
2601,사업,7
2602,사업망을,1
2603,사업부문을,1
2604,사업에서,1
2605,사업자를,1
2606,사용,1
2607,사용이,2
2608,사용자,2
2609,사용자를,1
2610,사용하고,1
2611,사용하기를,1
2612,사용하는,1
2613,사용하면,1
2614,사용하면서,1
2615,사용했어야,1
2616,사우디,9
2617,사우디가,1
2618,사우디는,2
2619,사우디를,6
2620,사우디아라비아로,1
2621,사우디아라비아를,2
2622,사우디아와,1
2623,사우디와,2
2624,사우디의,2
2625,사우스차이나모닝포스트,1
2626,사울리,1
2627,사이,1
2628,사이타마,2
2629,사이타마현,7
2630,사이타마현에서,1
2631,사이트,1
2632,사이트인,1
2633,사임과,1
2634,사전,1
2635,사진은,3
2636,사진제공,1
2637,사진출처,1
2638,사채,1
2639,사채는,1
2640,사체의,1
2641,사태,2
2642,사태로,2
2643,사태에,1
2644,사태와,1
2645,사항,1
2646,사항의,1
2647,사회,3
2648,사회가,1
2649,사회에,1
2650,사회에서,2
2651,사회와,1
2652,사회의,3
2653,사흘간,1
2654,산,1
2655,산업평균은,1
2656,산유국,1
2657,산유국으로,1
2658,산유국을,1
2659,산책을,1
2660,산하,1
2661,살,5
2662,살로,1
2663,살만,7
2664,살아간다,1
2665,살았습니다,1
2666,살에서,1
2667,살을,3
2668,살이다,1
2669,살이며,1
2670,살인,1
2671,살해한,1
2672,삼갈,1
2673,삼아야,2
2674,삼으면서,1
2675,삼축,1
2676,삼켜졌기,1
2677,샀다,1
2678,샀다고,1
2679,상,1
2680,상급기관인,1
2681,상당,2
2682,상당수,2
2683,상당한,1
2684,상당히,2
2685,상대국,1
2686,상대국의,1
2687,상대국이,1
2688,상대로,4
2689,상대적으로,1
2690,상무부는,2
2691,상반기,2
2692,상반기를,2
2693,상승,7
2694,상승률,2
2695,상승률은,2
2696,상승률이,5
2697,상승률인,1
2698,상승세가,1
2699,상승세는,1
2700,상승세로,1
2701,상승세를,3
2702,상승압박,1
2703,상승에,1
2704,상승으로,1
2705,상승은,1
2706,상승을,4
2707,상승이,1
2708,상승폭,1
2709,상승폭을,1
2710,상승하며,1
2711,상승한,5
2712,상승해,4
2713,상승했고,1
2714,상승했다,2
2715,상승했다고,6
2716,상승했던,1
2717,상실할,1
2718,상업용,1
2719,상원,1
2720,상위에,1
2721,상장지수펀드,1
2722,상점에,1
2723,상징으로,2
2724,상징으로까지,1
2725,상징인,2
2726,상처나,1
2727,상태,2
2728,상태다,1
2729,상태라며,1
2730,상태로,1
2731,상태에,1
2732,상태에서,1
2733,상태였다,1
2734,상트페테르부르크,3
2735,상트페테르부르크가,1
2736,상트페테르부르크는,1
2737,상트페테르부르크를,2
2738,상품,3
2739,상품뿐,1
2740,상품에서,1
2741,상품을,1
2742,상품이,1
2743,상한,1
2744,상한가가,1
2745,상한가도,1
2746,상한으로,1
2747,상황,3
2748,상황과,1
2749,상황에서,1
2750,상황에서도,1
2751,상황을,5
2752,상황이,4
2753,상황이다,2
2754,상황이어서,1
2755,상황이었기,2
2756,상회했습니다,1
2757,새,12
2758,새단장에,1
2759,새로,5
2760,새벽,4
2761,생각되는,1
2762,생각보다,1
2763,생각이라고,1
2764,생각하고,1
2765,생각하는지,1
2766,생각하지,1
2767,생각한다,5
2768,생각해도,2
2769,생긴,1
2770,생길,1
2771,생명,1
2772,생명과,2
2773,생명체나,1
2774,생물권,3
2775,생물권계획,2
2776,생물권보전지역은,1
2777,생물다양성,1
2778,생산,2
2779,생산공장을,1
2780,생산된,2
2781,생산량을,1
2782,생산에,1
2783,생산자,2
2784,생산자물가지수,2
2785,생산하거나,2
2786,생존할,1
2787,생존했지만,1
2788,생필품,1
2789,생필품들은,1
2790,생활이,2
2791,샤름,1
2792,샹그릴라,3
2793,샹그릴라대화,2
2794,서구의,1
2795,서두르는,1
2796,서둘러,1
2797,서로,1
2798,서류가,1
2799,서류를,4
2800,서머,1
2801,서명했다,1
2802,서밋에,1
2803,서방,3
2804,서방에,1
2805,서방의,3
2806,서부,4
2807,서비스,3
2808,서비스로,1
2809,서비스를,2
2810,서비스입니다,1
2811,서상현,1
2812,서안,1
2813,서울경제,2
2814,서울신문사,1
2815,서있다,2
2816,석,3
2817,석가,1
2818,석반어,2
2819,석유,2
2820,석유와,1
2821,석유화학,1
2822,석을,1
2823,석탄,1
2824,석탄을,1
2825,선거가,1
2826,선거의,1
2827,선물과,2
2828,선물은,2
2829,선박에,1
2830,선박은,1
2831,선박이,1
2832,선반으로,2
2833,선별해,1
2834,선보인,1
2835,선수,1
2836,선수도,1
2837,선수들이,1
2838,선수이고,1
2839,선언은,1
2840,선언을,2
2841,선언한,3
2842,선에서,1
2843,선원들은,2
2844,선을,2
2845,선전에,1
2846,선제,2
2847,선출됐다,2
2848,선출하는,1
2849,선택,1
2850,선택사항을,1
2851,선택한,2
2852,선호가,1
2853,선호도가,1
2854,선호한다고,2
2855,설득이,1
2856,설리번,1
2857,설명에,1
2858,설명했다,10
2859,설명했습니다,1
2860,설문,1
2861,설문조사를,1
2862,설악산,1
2863,섭식장애,1
2864,성,1
2865,성공,1
2866,성공한,1
2867,성관계를,2
2868,성기나,1
2869,성룡,1
2870,성룡은,1
2871,성명에서,1
2872,성명을,4
2873,성병,1
2874,성병과,1
2875,성병에,1
2876,성병으로,1
2877,성병처럼,1
2878,성사된,1
2879,성인,1
2880,성장세를,1
2881,성장하기,1
2882,성장하면,1
2883,성장했음에도,1
2884,성추행을,2
2885,성향의,1
2886,세가,1
2887,세계가,2
2888,세계무역기구,1
2889,세계문화유산에,1
2890,세계보건기구,2
2891,세계에,3
2892,세계에서,1
2893,세계의,1
2894,세계적으로,2
2895,세계적인,2
2896,세계주도국으로,1
2897,세계화의,1
2898,세관,1
2899,세기,1
2900,세기의,1
2901,세네갈,1
2902,세로,1
2903,세부,1
2904,세예드,2
2905,세우며,1
2906,세워진,3
2907,세웠던,2
2908,세출소위원회,1
2909,센섹스,1
2910,센터장은,1
2911,셀라야,2
2912,셀카를,1
2913,셈이다,1
2914,셔터스톡,1
2915,셰이크에서,1
2916,소개했다,2
2917,소개했습니다,1
2918,소련,1
2919,소매,9
2920,소매가격을,2
2921,소매판매가,1
2922,소방,1
2923,소방관이,1
2924,소방서장은,1
2925,소비가,2
2926,소비는,1
2927,소비를,1
2928,소비자,7
2929,소비자가,1
2930,소비자들을,1
2931,소비자들의,1
2932,소비자물가,2
2933,소비자물가는,1
2934,소비자물가지수,12
2935,소비자물가지수가,2
2936,소비자물가지수는,3
2937,소비자의,2
2938,소셜미디어,1
2939,소셜미디어인,1
2940,소속,1
2941,소속으로,1
2942,소수민족의,1
2943,소스,1
2944,소식에,1
2945,소식통은,1
2946,소요된,1
2947,소위,1
2948,소유주,1
2949,소유하는,1
2950,소유하지,1
2951,소유한,1
2952,소이치로,1
2953,소진되면,2
2954,소진되면서,1
2955,소진하고,1
2956,소진한,1
2957,소집했다,1
2958,소통,2
2959,소통라인을,1
2960,소통의,1
2961,소통체계,1
2962,소폭,6
2963,소폭만,1
2964,소폭이나마,1
2965,소프트,2
2966,소호,1
2967,속도가,2
2968,속도로,1
2969,속보치로,3
2970,속상해서,1
2971,속에서도,1
2972,속전속결로,1
2973,손,6
2974,손과,1
2975,손놓고,1
2976,손님,1
2977,손님들은,1
2978,손발이,1
2979,손실,1
2980,손실도,1
2981,손실을,1
2982,손실이,3
2983,손웅정,1
2984,손웅정씨,1
2985,손웅정씨는,2
2986,손을,4
2987,손익을,1
2988,손흥민,4
2989,손흥민은,3
2990,손흥민을,1
2991,손흥민의,1
2992,손흥민이,1
2993,솔로,2
2994,솔직히,1
2995,송금할,1
2996,쇤브룬,2
2997,쇼츠,2
2998,쇼츠가,1
2999,쇼츠는,1
3000,쇼츠에,1
3001,쇼크,1
3002,쇼핑,2
3003,숄츠,1
3004,수년래,1
3005,수는,2
3006,수단,3
3007,수단을,2
3008,수단의,1
3009,수도로,2
3010,수량과,1
3011,수립,1
3012,수백,2
3013,수복한,1
3014,수비군은,1
3015,수비하기에,1
3016,수상하면서,1
3017,수석,1
3018,수석분석가,1
3019,수송,2
3020,수송에,1
3021,수순을,1
3022,수십,1
3023,수아킨,1
3024,수와,1
3025,수요,1
3026,수요가,1
3027,수요일에,1
3028,수용소를,1
3029,수용소에,1
3030,수익,1
3031,수익률로,1
3032,수익률은,3
3033,수익률이,2
3034,수익성이,1
3035,수입,2
3036,수입은,1
3037,수입을,6
3038,수입이,1
3039,수장되면서,1
3040,수준,2
3041,수준까지,1
3042,수준에서,2
3043,수준으로,4
3044,수준을,2
3045,수준의,1
3046,수준이다,5
3047,수준이며,1
3048,수준이었다,1
3049,수준이지만,1
3050,수준인,3
3051,수준일,1
3052,수차례,1
3053,수출되는데,1
3054,수출된다,1
3055,수출될,1
3056,수치는,1
3057,수치다,1
3058,수치라고,1
3059,수치로,1
3060,수치상으로는,1
3061,수컷,1
3062,수행을,1
3063,수행차,1
3064,수험생들도,1
3065,수호에,1
3066,수호자,1
3067,수확하려고,1
3068,순간,1
3069,순간에,1
3070,순매수를,1
3071,순매수하는,1
3072,순매수하며,1
3073,순방은,2
3074,순찰,2
3075,순찰과,1
3076,순항,1
3077,순항미사일인,1
3078,순항할,1
3079,술을,1
3080,술집,1
3081,숨,1
3082,숨지고,1
3083,숨진,3
3084,쉬는,1
3085,쉽고,1
3086,쉽지,1
3087,슈퍼주니어,1
3088,슈화는,2
3089,슈화도,2
3090,스마트폰으로,1
3091,스므리섹은,1
3092,스웨덴,2
3093,스웨덴과,2
3094,스웨덴에,1
3095,스웨덴은,1
3096,스웨덴을,1
3097,스웨덴의,3
3098,스웨덴이,1
3099,스위스,2
3100,스위스는,1
3101,스위스와,1
3102,스위스쿼트의,1
3103,스쟈,1
3104,스퀘어드,1
3105,스타들의,1
3106,스타벅스가,1
3107,스타벅스는,1
3108,스탈린처럼,1
3109,스테판,1
3110,스텝,2
3111,스톨텐베르그,5
3112,스티커,1
3113,스페셜올림픽,2
3114,스페셜올림픽에,1
3115,스페셜올림픽은,1
3116,스페인,1
3117,스포츠,1
3118,스포츠탐험대,1
3119,슬픔을,1
3120,승객,2
3121,승객과,3
3122,승리,1
3123,승부의,1
3124,승선,3
3125,승선자가,3
3126,승조원,3
3127,시가전,1
3128,시가전이,1
3129,시가총액은,2
3130,시가현,1
3131,시간가량,1
3132,시간이,3
3133,시급하다고,1
3134,시급한,1
3135,시기,1
3136,시기에,3
3137,시기와,1
3138,시내,2
3139,시내에,1
3140,시내에서,1
3141,시대,1
3142,시대가,1
3143,시대로,1
3144,시대였다면,1
3145,시도를,1
3146,시민,1
3147,시민들이,2
3148,시민이,1
3149,시사저널,2
3150,시사했다,1
3151,시설과,1
3152,시설에서,2
3153,시설이,1
3154,시세,1
3155,시세가,1
3156,시세는,2
3157,시스템,2
3158,시스템과,1
3159,시신,5
3160,시신도,1
3161,시신들은,1
3162,시신을,1
3163,시신이,1
3164,시신이었다,1
3165,시에,1
3166,시위자들을,1
3167,시인했다,1
3168,시일,1
3169,시작됐다,1
3170,시작됐다고,1
3171,시작되는,2
3172,시작되며,1
3173,시작된다,2
3174,시작으로,2
3175,시작을,1
3176,시작할,1
3177,시작해,1
3178,시작했다,1
3179,시작했음을,1
3180,시장,15
3181,시장기대보다,1
3182,시장에,2
3183,시장에서,5
3184,시장은,2
3185,시장을,1
3186,시장의,2
3187,시장이,1
3188,시장전략가인,1
3189,시장참가자들,1
3190,시절부터,1
3191,시점에,4
3192,시점에서,2
3193,시점에선,1
3194,시점이,2
3195,시중에서,1
3196,시즈오카현,8
3197,시즌,1
3198,시진핑,2
3199,시청자,1
3200,시청자가,1
3201,시총액도,1
3202,시카고상품거래소,1
3203,시키겠다고,3
3204,시행,7
3205,시행하기로,1
3206,시행할,3
3207,시험,1
3208,시험대에,1
3209,시험을,1
3210,식당,6
3211,식당에서,6
3212,식당으로,1
3213,식량,1
3214,식료품,2
3215,식료품도,1
3216,식사를,1
3217,식의,2
3218,식재료,2
3219,식품,3
3220,식품을,5
3221,신고가,1
3222,신규,2
3223,신규환자가,3
3224,신동윤,1
3225,신랑망,1
3226,신뢰가,1
3227,신뢰를,4
3228,신뢰할,1
3229,신문과,1
3230,신변에,1
3231,신상,1
3232,신속하고,1
3233,신속한,1
3234,신속히,1
3235,신안,1
3236,신임,3
3237,신자르,1
3238,신장,5
3239,신장위구르자치구의,1
3240,신조,1
3241,신종,4
3242,신준명,2
3243,신준명입니다,1
3244,신중하게,1
3245,신청서를,1
3246,신호가,2
3247,신호는,1
3248,신호라고,1
3249,신호를,3
3250,신화,2
3251,신화망,1
3252,신화통신,2
3253,신흥,1
3254,실감할,1
3255,실권자,2
3256,실려,3
3257,실리고,1
3258,실린,2
3259,실립니다,1
3260,실물경제의,1
3261,실시간으로,1
3262,실시하고,1
3263,실시하는,1
3264,실시한,1
3265,실시한다,2
3266,실어가는,1
3267,실업률,1
3268,실업률과,1
3269,실업률이,1
3270,실제,1
3271,실제로,1
3272,실종,1
3273,실종된,3
3274,실종자들이,1
3275,실질적,2
3276,실질적인,3
3277,실태에,1
3278,실패한,1
3279,실행력을,2
3280,실험,1
3281,실험에,1
3282,실험을,2
3283,실험이,1
3284,실현을,3
3285,실현하고,1
3286,싫다,1
3287,심각하게,1
3288,심각한,3
3289,심리가,1
3290,심층,2
3291,심층분석국,1
3292,심층분석국으로,1
3293,심층분석대상국으로,1
3294,심화,1
3295,심화하고,1
3296,심화하는,1
3297,심화하면서,1
3298,심화할,2
3299,싱가포르,5
3300,싱가포르에서,2
3301,싶습니까,1
3302,싶어,2
3303,싶지,1
3304,싸우고,2
3305,싸움을,1
3306,쌍방향의,1
3307,쌓인,1
3308,썼다,1
3309,썼다고,1
3310,썼다며,1
3311,썼습니다,1
3312,쏠리는,1
3313,쓰는,1
3314,쓰러뜨리고,1
3315,쓰여,1
3316,쓰인,1
3317,쓰지,1
3318,쓴,3
3319,씨는,1
3320,씨름할,1
3321,아그레망,1
3322,아나폴리스에,1
3323,아내,1
3324,아냐,1
3325,아니고,2
3326,아니냐는,2
3327,아니라고,3
3328,아니며,1
3329,아닌가,1
3330,아닙니다,1
3331,아들,1
3332,아들을,1
3333,아래,1
3334,아래로,2
3335,아마,1
3336,아무것도,1
3337,아무리,2
3338,아미,1
3339,아버지,2
3340,아버지가,1
3341,아버지의,1
3342,아베,1
3343,아비장,1
3344,아비장에서,2
3345,아사쿠사,1
3346,아시아,4
3347,아시아경제,2
3348,아시아안보회의,3
3349,아시아인,1
3350,아오모리현,1
3351,아이가,1
3352,아이들,1
3353,아이들의,1
3354,아이야르는,2
3355,아이치,1
3356,아이치현,8
3357,아이티,6
3358,아조우,1
3359,아조우스탈,4
3360,아조우스탈에서,1
3361,아조우스탈의,1
3362,아주,1
3363,아직,7
3364,아직까진,1
3365,아치는,1
3366,아치와,1
3367,아파트,1
3368,아팠다,1
3369,아프리카,5
3370,아프리카가,1
3371,아프리카의,1
3372,악수하며,1
3373,악시오스는,3
3374,악시오스에,1
3375,악영향을,1
3376,악화됐다,1
3377,악화에,1
3378,악화할,1
3379,안고,1
3380,안내하고,1
3381,안보,11
3382,안보리,1
3383,안보에도,1
3384,안보와,1
3385,안보협의회,1
3386,안보협의회에서,2
3387,안보협의회의,1
3388,안보협의회의에서,1
3389,안보회의인,1
3390,안에,3
3391,안에서,4
3392,안으로,1
3393,안전을,2
3394,안전장치,1
3395,안정세를,2
3396,안타깝게,2
3397,안타깝다,1
3398,안토니오,1
3399,안팎의,1
3400,앉아,1
3401,앉아있는,1
3402,않거나,1
3403,않겠다,1
3404,않기,1
3405,않는게,1
3406,않는다고,4
3407,않는다는,2
3408,않는다면,1
3409,않다,1
3410,않다가,1
3411,않다고,3
3412,않다는,1
3413,않던,1
3414,않도록,1
3415,않아,3
3416,않아도,3
3417,않았다,6
3418,않았다고,2
3419,않았다는,2
3420,않았다며,1
3421,않았습니다,1
3422,않으니,1
3423,않으며,1
3424,않으면서,1
3425,않으면서도,1
3426,않을,10
3427,않을까,1
3428,알레한드로,1
3429,알렉산더,1
3430,알려졌다,3
3431,알려졌습니다,1
3432,알려진,1
3433,알리는,1
3434,알리안츠,1
3435,알리지,1
3436,알아들을,1
3437,알약이,1
3438,알지,1
3439,암살,3
3440,암적,2
3441,암호화폐,6
3442,압도하려,1
3443,압둘아지즈,2
3444,압력을,3
3445,압력이,2
3446,압박가하는,1
3447,압박으로,1
3448,압박을,2
3449,압박이,1
3450,압박하고,2
3451,압박할,1
3452,앞두고,2
3453,앞둔,2
3454,앞서,14
3455,앞섰다,1
3456,앞에,1
3457,앞으로,4
3458,앞을,1
3459,애런,1
3460,애초,1
3461,야기하는,1
3462,야마가타현,1
3463,야생,1
3464,야생동물을,1
3465,야생동물의,1
3466,야심을,1
3467,야심이,1
3468,약물이,2
3469,약속을,1
3470,약속했다,1
3471,약한,1
3472,약화와,1
3473,양,2
3474,양국,9
3475,양국의,1
3476,양국이,2
3477,양들은,1
3478,양식되고,1
3479,양안,2
3480,양이,1
3481,양자회담을,1
3482,양호하다,1
3483,얘기다,2
3484,얘기할,2
3485,어디서든,1
3486,어려운,1
3487,어려움도,1
3488,어려움에서,1
3489,어려움으로,1
3490,어려움을,4
3491,어려워질,1
3492,어렵다,1
3493,어렵다며,1
3494,어린이도,1
3495,어슬렁거리는,1
3496,어퍼파인리버,1
3497,억,15
3498,억대,1
3499,억엔,1
3500,억울함에,1
3501,억제를,3
3502,억제할,1
3503,억파운드,1
3504,언급,1
3505,언급하면서,1
3506,언급한,2
3507,언론,2
3508,언론과의,1
3509,언론들은,4
3510,언론에,2
3511,언론은,1
3512,언론이,1
3513,언론인,2
3514,얹었고,1
3515,얻고,1
3516,얻는데,1
3517,얻어내야,1
3518,얻은,1
3519,얼굴을,2
3520,얼굴이,2
3521,얽혀있다는,1
3522,엄격하게,1
3523,엄벌에,2
3524,엄벌을,1
3525,엄중,1
3526,엄진아,3
3527,엄청난,1
3528,업그레이드에,1
3529,업데이트에,3
3530,업데이트하기로,1
3531,업데이트해서,2
3532,업무에,1
3533,업자,1
3534,업체,1
3535,업체가,5
3536,업체에,1
3537,없고,1
3538,없다고,6
3539,없다는,1
3540,없다면서,1
3541,없도록,1
3542,없습니다,2
3543,없어,3
3544,없었다,1
3545,없었다고,2
3546,없으나,1
3547,없으며,1
3548,없으면,1
3549,없을,1
3550,없음,3
3551,에너지,13
3552,에너지가,2
3553,에너지는,1
3554,에너지와,3
3555,에너지정보국에,1
3556,에도,1
3557,에르도안,1
3558,에리언,1
3559,에마뉘엘,4
3560,에마뉴엘,2
3561,에번스,1
3562,에브라힘,2
3563,에서도,2
3564,에어컨,1
3565,에이피,1
3566,엑슨모빌,1
3567,엔,2
3568,엔대로,1
3569,엔저,1
3570,엔저에,2
3571,엔저와,1
3572,엔화,1
3573,엘,2
3574,엘디아리오데이오는,1
3575,엘리제궁은,1
3576,엘살바도르,7
3577,엘살바도르는,1
3578,엘살바도르의,1
3579,여개,2
3580,여겨지는,1
3581,여겨집니다,1
3582,여기고,1
3583,여기에,3
3584,여기에는,1
3585,여기에서,1
3586,여년,2
3587,여당,1
3588,여당이,1
3589,여러,9
3590,여러분께,1
3591,여러분들의,1
3592,여론의,1
3593,여론이,3
3594,여론조사가,1
3595,여름,1
3596,여름에,1
3597,여름의,1
3598,여름이,1
3599,여명의,1
3600,여부를,7
3601,여부와,1
3602,여성,15
3603,여성들,1
3604,여성들만,1
3605,여성들을,4
3606,여성들의,2
3607,여성들이,1
3608,여성분들,1
3609,여성에게,2
3610,여성은,3
3611,여성을,2
3612,여성의,5
3613,여성이,5
3614,여자,2
3615,여지가,2
3616,여파가,2
3617,여파로,1
3618,여행,2
3619,여행객,3
3620,여행객들이,1
3621,여행객에,2
3622,여행객이,2
3623,여행업계에서,1
3624,여행업계에서는,1
3625,여행업체를,2
3626,여행에,1
3627,여행을,3
3628,역내,1
3629,역대,1
3630,역량이나,1
3631,역사상,1
3632,역사의,4
3633,역설했다,1
3634,역시,3
3635,역이용될,1
3636,역전,1
3637,역할을,4
3638,연간,5
3639,연결된다,1
3640,연계하기로,1
3641,연구소,1
3642,연구소는,1
3643,연구진이,1
3644,연구팀은,1
3645,연구하고,1
3646,연다고,1
3647,연대,1
3648,연동해,1
3649,연령을,1
3650,연례,4
3651,연료,1
3652,연료가,1
3653,연료비,3
3654,연료비가,1
3655,연료유,1
3656,연루된,3
3657,연말까지,1
3658,연방공개시장위원회,3
3659,연방대법원이,1
3660,연방준비제도,4
3661,연봉,4
3662,연봉이,1
3663,연봉자,1
3664,연봉자들도,1
3665,연봉자들은,1
3666,연상케,1
3667,연설,2
3668,연설에서,3
3669,연설이,1
3670,연설자로,2
3671,연설하고,4
3672,연설한다,2
3673,연속,5
3674,연일,2
3675,연임,2
3676,연임이,1
3677,연임한,1
3678,연주하고,1
3679,연준,5
3680,연준은,2
3681,연준의,1
3682,연준이,8
3683,연합,11
3684,연합군,1
3685,연합군이,1
3686,연합뉴스에,1
3687,연합정당은,1
3688,연합훈련,1
3689,연합훈련을,1
3690,연해에서,1
3691,열,4
3692,열고,1
3693,열기로,1
3694,열기를,1
3695,열대,1
3696,열려,1
3697,열렸다,1
3698,열리는,2
3699,열린,13
3700,열릴,1
3701,열어놓고,1
3702,열었다,1
3703,열었던,1
3704,열었습니다,2
3705,열자,1
3706,엿새째,1
3707,였다,4
3708,였습니다,1
3709,였으나,1
3710,영국,5
3711,영국에서,1
3712,영국은,1
3713,영상에는,1
3714,영상에선,2
3715,영상으로만,1
3716,영상은,1
3717,영상을,1
3718,영상이,1
3719,영업이,1
3720,영업일마다,1
3721,영업점을,1
3722,영웅적으로,1
3723,영웅적인,1
3724,영토,1
3725,영토로,4
3726,영토를,5
3727,영향,2
3728,영향력에,1
3729,영향력을,1
3730,영향에,1
3731,영향으로,1
3732,영향을,5
3733,영화를,1
3734,예고한,2
3735,예고했다,1
3736,예단하지,1
3737,예방을,1
3738,예방접종,1
3739,예산,2
3740,예산을,1
3741,예산의,4
3742,예산이,1
3743,예상,1
3744,예상되는,2
3745,예상되지,1
3746,예상된다,2
3747,예상됩니다,1
3748,예상보다,2
3749,예상으로,1
3750,예상을,1
3751,예상치,1
3752,예상치는,3
3753,예상치도,2
3754,예상치를,2
3755,예상치인,1
3756,예상했었다,1
3757,예외가,1
3758,예정,1
3759,예정돼,1
3760,예정된,1
3761,예정이고,1
3762,예정이다,7
3763,예정이라고,2
3764,예정이었다,1
3765,예정일을,1
3766,예정입니다,2
3767,옌스,2
3768,옐런,5
3769,오갔다,1
3770,오대성,1
3771,오르는,2
3772,오르며,1
3773,오르면,1
3774,오르면서,1
3775,오른,4
3776,오른쪽,1
3777,오름,1
3778,오름세를,1
3779,오름폭이,1
3780,오미크론,4
3781,오사카,4
3782,오사카부,5
3783,오사카부가,3
3784,오사카에서,1
3785,오세올라,3
3786,오스트리아,1
3787,오스틴,10
3788,오전까지,1
3789,오즈카데스카야는,1
3790,오카야마현,1
3791,오키나와,4
3792,오키나와에서,1
3793,오키나와현,6
3794,오페를,2
3795,오페에,1
3796,오하라는,1
3797,오한,1
3798,오현우,2
3799,오후에,1
3800,옥상,1
3801,옥시테트라사이클린도,1
3802,온라인,2
3803,온라인으로,1
3804,온몸으로,1
3805,올,3
3806,올라,6
3807,올라섰다,1
3808,올라프,1
3809,올랐고,2
3810,올랐다,12
3811,올랐다고,1
3812,올랐어,1
3813,올랜도에서,1
3814,올레그,1
3815,올렉,1
3816,올려놓는,1
3817,올려주기,1
3818,올렸는데,1
3819,올렸습니다,1
3820,올리는,6
3821,올린다고,2
3822,올여름,2
3823,올하,1
3824,올해,13
3825,올해는,1
3826,옮겨가고,1
3827,옮겼다,1
3828,옮기며,1
3829,옷이나,1
3830,와중에,1
3831,와카야마현,1
3832,왁스애플,1
3833,완전,4
3834,완전하고,1
3835,완전한,2
3836,완전히,3
3837,완화,2
3838,완화나,1
3839,왓슨의,2
3840,왔기,1
3841,왔다,1
3842,왔습니다,1
3843,왔었다,1
3844,왕따,3
3845,왕세자가,2
3846,왕세자에게,1
3847,왕세자와도,2
3848,왜곡,1
3849,외계,3
3850,외곽,2
3851,외교,1
3852,외교관,2
3853,외교부,4
3854,외교부장관,1
3855,외교사절에,1
3856,외교장관,1
3857,외국인,2
3858,외래종을,1
3859,외식과,1
3860,외신,1
3861,외신들은,3
3862,외신들이,1
3863,외신은,2
3864,외적,1
3865,외쳤다,1
3866,외치자,1
3867,외환,6
3868,외환시장,2
3869,외환시장에,1
3870,외환시장의,1
3871,외환을,2
3872,외환중개업체,1
3873,왼쪽,1
3874,요건,5
3875,요건만,1
3876,요건을,12
3877,요건이,4
3878,요구,1
3879,요구를,2
3880,요구하며,1
3881,요구한,2
3882,요구해왔다,1
3883,요구했다,4
3884,요구했습니다,2
3885,요르단,1
3886,요약,12
3887,요원에,1
3888,요인이,1
3889,요청하고,1
3890,요충지로,1
3891,요코하마,4
3892,요코하마에,1
3893,요하네스버그,1
3894,용납할,1
3895,용서하지,1
3896,용어를,1
3897,우고,1
3898,우동명,1
3899,우럭바리,4
3900,우럭바리는,1
3901,우럭바리에서,1
3902,우려,1
3903,우려가,2
3904,우려는,1
3905,우려도,2
3906,우려로,2
3907,우려를,2
3908,우려스런,1
3909,우려와,2
3910,우려하며,1
3911,우려했다,1
3912,우리나라는,1
3913,우리나라의,1
3914,우리도,1
3915,우리돈,1
3916,우주의,1
3917,우크라,1
3918,우크라이나,48
3919,우크라이나가,5
3920,우크라이나군,1
3921,우크라이나군과,1
3922,우크라이나군에,1
3923,우크라이나군의,2
3924,우크라이나는,4
3925,우크라이나를,5
3926,우크라이나만,1
3927,우크라이나방위연락그룹,1
3928,우크라이나에,2
3929,우크라이나와,2
3930,우크라이나의,3
3931,운송비와,1
3932,운영과,1
3933,운영에,1
3934,운영은,1
3935,운영을,3
3936,운영이,2
3937,운영하는,2
3938,운전,1
3939,운행될,1
3940,운행이,2
3941,움직이고,1
3942,움직임도,1
3943,움직임에,1
3944,움직임이,2
3945,웃고,1
3946,웃도는,1
3947,웃돌았다,1
3948,웃돌았습니다,1
3949,워싱턴,28
3950,워싱턴포스트는,1
3951,워털루역,1
3952,원,3
3953,원가에도,1
3954,원래,2
3955,원문,2
3956,원숭이두창,5
3957,원숭이두창에,1
3958,원숭이두창은,3
3959,원숭이두창의,2
3960,원에,1
3961,원유,2
3962,원유가,1
3963,원유가격과,1
3964,원유가격의,1
3965,원인으로,1
3966,원인을,1
3967,원인이,1
3968,원인이었다,1
3969,원자재,1
3970,원자재난,1
3971,원칙,2
3972,원칙을,1
3973,원칙이,1
3974,원팀,1
3975,원팀으로서,1
3976,원활한,1
3977,월가에서는,1
3978,월간,1
3979,월과,4
3980,월급을,1
3981,월까지,2
3982,월드클래스,5
3983,월드클래스가,3
3984,월등히,1
3985,월렌스키,3
3986,월보다,2
3987,월부터,3
3988,월뿐,1
3989,월세,1
3990,월스트리트저널,6
3991,월스트리트저널은,2
3992,월스트리트저널이,2
3993,월에,3
3994,월에는,1
3995,월에도,2
3996,월엔,1
3997,웨이,6
3998,웨이드,1
3999,웨이보,6
4000,웨이보를,1
4001,웨이보에,1
4002,웨이펑허,2
4003,웰스의,1
4004,웹사이트,4
4005,위가,1
4006,위구르족,1
4007,위급,1
4008,위기,2
4009,위기가,1
4010,위기에,2
4011,위반이라면서,1
4012,위반하면서,1
4013,위성사진을,1
4014,위안,2
4015,위안으로,2
4016,위에,2
4017,위와,1
4018,위중해진다는,1
4019,위치에,1
4020,위치한,2
4021,위해서는,1
4022,위해선,1
4023,위해섭니다,1
4024,위험성으로,1
4025,위험에,2
4026,위험은,2
4027,위험을,1
4028,위험이,1
4029,위험하게,1
4030,위협,4
4031,위협에,5
4032,위협으로,1
4033,위협은,2
4034,위협을,1
4035,위협이,6
4036,위협하는,1
4037,위협했었다,1
4038,윈윈할,1
4039,윌겐스,1
4040,윌리스,2
4041,유가,3
4042,유가가,1
4043,유가는,1
4044,유가와,1
4045,유감,1
4046,유감스럽고,2
4047,유권자,1
4048,유권자들에게,1
4049,유권자들의,2
4050,유권자의,1
4051,유네스코,5
4052,유네스코가,1
4053,유니폼을,1
4054,유대의,1
4055,유도하는,1
4056,유도하도록,1
4057,유라시아그룹파운데이션,1
4058,유람선,3
4059,유럽,5
4060,유럽연합,1
4061,유럽의,1
4062,유럽이,1
4063,유럽중앙은행,1
4064,유사품이,3
4065,유사한,1
4066,유소년,1
4067,유엔,8
4068,유엔기후변화협약,1
4069,유엔에이즈계획,1
4070,유일한,2
4071,유일했다,1
4072,유임될,1
4073,유자비,2
4074,유전자,3
4075,유지,4
4076,유지될,1
4077,유지키로,1
4078,유지하고,2
4079,유지하기,3
4080,유지하기로,2
4081,유지할,1
4082,유지해,3
4083,유지했다,3
4084,유지했습니다,1
4085,유지했었다,1
4086,유통되기,1
4087,유통업체,2
4088,유튜브,3
4089,유튜브가,2
4090,유튜브는,1
4091,유튜브의,1
4092,유해생물이,1
4093,육로를,2
4094,육성을,1
4095,윤곽이,1
4096,윤석열,10
4097,은닉처를,1
4098,은퇴,1
4099,은행도,1
4100,은행을,1
4101,음료업체,1
4102,음성,3
4103,음성을,2
4104,음식을,1
4105,음식점에서,1
4106,음악,1
4107,음악회는,1
4108,응급,2
4109,응답자가,1
4110,응답자의,1
4111,응답했다,1
4112,응원과,1
4113,응찰이,2
4114,의견이,1
4115,의도를,1
4116,의료,1
4117,의료진은,1
4118,의문을,1
4119,의미는,1
4120,의미다,1
4121,의사결정,1
4122,의사는,1
4123,의사당,2
4124,의사들을,1
4125,의사를,1
4126,의석의,1
4127,의식주,1
4128,의심되는,1
4129,의심을,1
4130,의심의,1
4131,의원,1
4132,의원수,1
4133,의장국,1
4134,의장국에,1
4135,의장단은,1
4136,의장이,1
4137,의지로,1
4138,의혹이,1
4139,의회,2
4140,의회에,2
4141,의회에서,2
4142,이가,1
4143,이같은,1
4144,이같이,8
4145,이것이,2
4146,이겨냈고,1
4147,이곳에서,1
4148,이곳은,1
4149,이끌었다,1
4150,이나,2
4151,이날도,1
4152,이날부터,1
4153,이내,1
4154,이내에,6
4155,이내의,2
4156,이는,14
4157,이다,1
4158,이달,4
4159,이데일리,2
4160,이동,1
4161,이동할,1
4162,이동헌,2
4163,이동헌입니다,1
4164,이들,2
4165,이들에게는,2
4166,이들은,6
4167,이들을,1
4168,이들의,1
4169,이듬해,1
4170,이라며,8
4171,이라면서,4
4172,이라크,2
4173,이란,10
4174,이란과,2
4175,이란을,1
4176,이란의,1
4177,이렇게,4
4178,이례적으로,1
4179,이례적인,2
4180,이루어지고,2
4181,이뤄졌다고,1
4182,이뤄지고,1
4183,이뤄지면,2
4184,이뤄진,2
4185,이뤘다,1
4186,이르기를,1
4187,이르다,1
4188,이르렀다고,1
4189,이르면,2
4190,이르지,1
4191,이른,1
4192,이른바,2
4193,이름으로,1
4194,이름은,1
4195,이름을,2
4196,이목이,1
4197,이미,8
4198,이미지출처,1
4199,이민,1
4200,이민자들이,1
4201,이바라키현,4
4202,이밖에,3
4203,이번에,3
4204,이번에는,1
4205,이번에도,1
4206,이사는,1
4207,이사벨라,1
4208,이상순,3
4209,이상순입니다,1
4210,이상에서,1
4211,이상은,2
4212,이상을,3
4213,이상의,4
4214,이상이,2
4215,이상인,1
4216,이성,1
4217,이슈는,2
4218,이슈이자,1
4219,이슈지만,2
4220,이스라엘,4
4221,이스라엘부터,1
4222,이스라엘에서,1
4223,이스라엘의,1
4224,이스탄불,1
4225,이승민,2
4226,이어,21
4227,이어가기로,1
4228,이어갈,1
4229,이어갔다,1
4230,이어져,1
4231,이어져서는,1
4232,이어졌다,1
4233,이어지면,1
4234,이어질,1
4235,이에,8
4236,이와,3
4237,이와테현,1
4238,이외의,1
4239,이용돼야,1
4240,이용이,1
4241,이용하는,1
4242,이용한,1
4243,이용해,1
4244,이용해온,1
4245,이유가,2
4246,이유다,2
4247,이유로,6
4248,이유를,1
4249,이유에서다,1
4250,이익이,1
4251,이자,1
4252,이재준,5
4253,이전,3
4254,이전과는,1
4255,이제껏,3
4256,이제는,2
4257,이종수,3
4258,이종수입니다,1
4259,이집트,3
4260,이집트에서는,1
4261,이치를,1
4262,이케아,2
4263,이케아가,1
4264,이케아는,4
4265,이케아를,1
4266,이케아와,1
4267,이코노미스트를,1
4268,이탈리아,4
4269,이틀간,1
4270,이펙,1
4271,이하,1
4272,이하로,3
4273,이해됩니다,1
4274,이해해야,1
4275,이행하기,1
4276,이후에는,1
4277,이후에도,1
4278,이후인,2
4279,이휘경,1
4280,이휘경기자,1
4281,익명을,1
4282,익명의,1
4283,익사하는,1
4284,익사했다,1
4285,인,1
4286,인간개발지수,1
4287,인간과,2
4288,인간으로,1
4289,인공호흡기와,3
4290,인구,1
4291,인구가,1
4292,인권,5
4293,인권단체,1
4294,인권단체들은,1
4295,인권이사회,1
4296,인권이사회에서,1
4297,인권최고대표가,2
4298,인권최고대표는,1
4299,인권최고대표로서는,1
4300,인권최고대표로서의,1
4301,인근,2
4302,인근에,1
4303,인근에서,2
4304,인근의,1
4305,인기가,1
4306,인기그룹이,1
4307,인기를,1
4308,인도,12
4309,인도를,1
4310,인사람을,1
4311,인사를,1
4312,인상,4
4313,인상과,1
4314,인상에,2
4315,인상으로,2
4316,인상을,1
4317,인상하겠다고,1
4318,인상하고,1
4319,인상하는,2
4320,인상한,1
4321,인상할,1
4322,인상했다,1
4323,인상했다고,1
4324,인수자,1
4325,인수자가,1
4326,인수한,2
4327,인수할,1
4328,인수해,2
4329,인식하고,1
4330,인용해,8
4331,인원,1
4332,인재,1
4333,인정받던,1
4334,인정받지,1
4335,인정하지,1
4336,인정했습니다,1
4337,인증,1
4338,인터넷매체,1
4339,인터넷에,2
4340,인터뷰,1
4341,인터뷰가,1
4342,인터뷰에서,5
4343,인터뷰에서도,1
4344,인터뷰하고,1
4345,인테르팍스,2
4346,인테르팍스는,1
4347,인테르팍스를,1
4348,인프라,1
4349,인플레,2
4350,인플레에,1
4351,인플레이션,13
4352,인플레이션에,1
4353,인플레이션을,5
4354,인플레이션이,13
4355,인플레인션이,1
4356,인한,8
4357,인해,4
4358,일각에서는,3
4359,일간,2
4360,일고,1
4361,일까지,4
4362,일들은,1
4363,일로,1
4364,일리노이주,1
4365,일마다,4
4366,일방적,2
4367,일방적으로,1
4368,일본,31
4369,일본과,1
4370,일본에서,9
4371,일본에서는,1
4372,일본은,2
4373,일본은행,1
4374,일본은행은,12
4375,일본은행을,1
4376,일본은행의,1
4377,일본은행이,1
4378,일본을,2
4379,일본의,4
4380,일본인과,3
4381,일부,12
4382,일부는,1
4383,일부로,1
4384,일부터,4
4385,일부터는,1
4386,일시,1
4387,일어나,1
4388,일어난,1
4389,일어났다,1
4390,일어났던,1
4391,일어서자,1
4392,일에,4
4393,일에는,4
4394,일에도,2
4395,일요일,1
4396,일요일인,1
4397,일으켰다는,1
4398,일으킨,1
4399,일은,4
4400,일이,4
4401,일일,3
4402,일일환자는,3
4403,일자나,1
4404,일정,2
4405,일제히,3
4406,일종의,1
4407,일주일,2
4408,일주일이,1
4409,일침을,1
4410,일할,1
4411,일행,1
4412,일행들은,1
4413,일행을,1
4414,일환으로,1
4415,읽힌다,1
4416,잃어선,1
4417,잃었다,3
4418,잃은,1
4419,임금을,1
4420,임금인상과,1
4421,임기가,2
4422,임기의,1
4423,임박한,2
4424,임박해,2
4425,임박했고,1
4426,임시,1
4427,임종명,1
4428,임질,1
4429,임하겠다,1
4430,입구,1
4431,입국이,3
4432,입국자에,3
4433,입국하고,2
4434,입국하기,1
4435,입국하는,6
4436,입국하려면,4
4437,입국한,2
4438,입국해,1
4439,입국했다,1
4440,입었고,2
4441,입영이,1
4442,입원해,1
4443,입은,1
4444,입을,1
4445,입장을,7
4446,입장입니다,1
4447,입장차를,1
4448,입점해,1
4449,입지를,1
4450,잇따르는,1
4451,있기,2
4452,있는게,1
4453,있는데,5
4454,있는데요,1
4455,있다는,11
4456,있다며,2
4457,있다면,4
4458,있다면서,1
4459,있어서도,1
4460,있었다,3
4461,있었다면,2
4462,있었던,1
4463,있었습니다,2
4464,있을지,1
4465,있지는,1
4466,있지만,1
4467,잉글랜드은행,1
4468,잉카그룹은,1
4469,잊을,1
4470,자가검사를,3
4471,자격이,1
4472,자국,2
4473,자국들이,1
4474,자국에,1
4475,자국을,1
4476,자국의,1
4477,자국이,1
4478,자극해온,1
4479,자기방위를,1
4480,자기보호,1
4481,자동차,3
4482,자동차를,1
4483,자동차협회,1
4484,자동화,1
4485,자들에게,1
4486,자들에게는,1
4487,자들이,1
4488,자료로서,1
4489,자료사진,8
4490,자리,1
4491,자리를,1
4492,자리에,1
4493,자리에서,3
4494,자릿수대로,1
4495,자릿수를,1
4496,자말,3
4497,자발적으로,1
4498,자발적인,1
4499,자본주의와,1
4500,자본주의의,1
4501,자비를,1
4502,자사,1
4503,자산,1
4504,자산들을,1
4505,자산매입,1
4506,자세를,2
4507,자연분지에,2
4508,자원가격,1
4509,자원을,1
4510,자원의,1
4511,자유롭고,1
4512,자의적으로,1
4513,자이언트,2
4514,자이언트스텝,2
4515,자제를,1
4516,자제해달라고,1
4517,자질을,1
4518,자처해온,1
4519,자체,1
4520,자취를,1
4521,자치정부와,1
4522,자크,1
4523,자포리자,1
4524,자행했습니다,1
4525,작계,7
4526,작계를,3
4527,작계와,1
4528,작계의,1
4529,작계하고는,1
4530,작년,4
4531,작년에,1
4532,작다,1
4533,작아지면서,1
4534,작업이,4
4535,작용한,1
4536,작용했다는,1
4537,작전계획,3
4538,작전계획의,1
4539,작전을,1
4540,잔고증가를,1
4541,잔인하게,2
4542,잔해,1
4543,잔혹하게,3
4544,잘못,1
4545,잘못된,5
4546,잘살,1
4547,잠을,1
4548,잠재적으로,1
4549,잠정,7
4550,잡고자,1
4551,잡기,3
4552,잡을,1
4553,장,10
4554,장거리,2
4555,장관,2
4556,장관은,10
4557,장관의,2
4558,장관이,1
4559,장기,1
4560,장기국채,1
4561,장기금리,1
4562,장기금리인,1
4563,장기부전으로,1
4564,장기화로,1
4565,장단기,1
4566,장단기금리,1
4567,장면이,2
4568,장문의,1
4569,장수현,1
4570,장애가,1
4571,장애인들이,1
4572,장애인인,1
4573,장외공방을,1
4574,장을,1
4575,장중,2
4576,장쥔,1
4577,장지현,1
4578,장퉁제,1
4579,재,1
4580,재개될,1
4581,재개를,1
4582,재개장,1
4583,재개장할,2
4584,재개장했다,1
4585,재건부는,2
4586,재고,1
4587,재고가,2
4588,재고를,1
4589,재난,1
4590,재난관리국,1
4591,재닛,5
4592,재료의,1
4593,재무,1
4594,재무부가,1
4595,재무부는,9
4596,재무성,1
4597,재무장관,2
4598,재무장관은,3
4599,재미동포,4
4600,재미동포들이,1
4601,재미동포를,1
4602,재미동포의,1
4603,재배포를,1
4604,재산을,2
4605,재선에,1
4606,재정,1
4607,재정에,1
4608,재차,6
4609,재택근무를,1
4610,재판매,9
4611,재편,2
4612,재편되는데,1
4613,재편할,2
4614,재평가하고,1
4615,재평가할,2
4616,재평가해,3
4617,재현했습니다,2
4618,재확산으로,1
4619,재확산할,1
4620,저가,1
4621,저개발,1
4622,저금리,3
4623,저들에게,1
4624,저렇게,1
4625,저렴하게,1
4626,저렴해,1
4627,저지하기도,1
4628,저지하려고,1
4629,저지하려는,1
4630,저항을,1
4631,저항했으며,1
4632,적극적으로,2
4633,적다,2
4634,적었습니다,1
4635,적용되지,2
4636,적용하고,1
4637,적용한다면,1
4638,적은,1
4639,적이,2
4640,적재할,1
4641,적절치,1
4642,적정한,1
4643,전격,2
4644,전과,1
4645,전과가,1
4646,전광판,1
4647,전구,1
4648,전날,7
4649,전날과,2
4650,전날까지,1
4651,전날보다,3
4652,전날인,1
4653,전년,15
4654,전달과,1
4655,전달보다,2
4656,전달에,1
4657,전달하기도,2
4658,전략,3
4659,전략국제문제연구소,1
4660,전략동맹으로,1
4661,전략의,1
4662,전략적,3
4663,전략지침을,2
4664,전력을,1
4665,전력이,1
4666,전례,1
4667,전망,1
4668,전망과,1
4669,전망된다,2
4670,전망에,2
4671,전망이,1
4672,전망이다,6
4673,전망치,5
4674,전망치는,2
4675,전망치도,1
4676,전망한,1
4677,전망한다,1
4678,전망했다,4
4679,전망했었다,1
4680,전면전이,1
4681,전문가,7
4682,전문가들을,2
4683,전문가들의,2
4684,전반에,1
4685,전방위,1
4686,전방위적인,1
4687,전보다,2
4688,전보다는,1
4689,전사자,1
4690,전사자의,1
4691,전사한,1
4692,전세계에서,1
4693,전세기로,3
4694,전세기편으로,3
4695,전술핵,2
4696,전에,5
4697,전역,1
4698,전역에,1
4699,전역에서,1
4700,전역의,2
4701,전염병의,1
4702,전염을,1
4703,전원,1
4704,전원회의,1
4705,전월,9
4706,전월보다,4
4707,전인,3
4708,전자신호로,1
4709,전자제품,1
4710,전자제품이,1
4711,전장에서,1
4712,전쟁,8
4713,전쟁과,1
4714,전쟁에,1
4715,전쟁으로,1
4716,전주보다,1
4717,전진하는공화국,1
4718,전체,6
4719,전체의,1
4720,전투,1
4721,전투기,1
4722,전투의,1
4723,전파될,1
4724,전파력이,1
4725,전파망원경,2
4726,전파망원경이다,2
4727,전하며,1
4728,전한,1
4729,전해졌다,4
4730,전해졌습니다,1
4731,전했다,23
4732,전했습니다,2
4733,전혀,1
4734,전화,8
4735,전화로,1
4736,절대,1
4737,절박함이,1
4738,절반,1
4739,절반을,1
4740,절차,1
4741,절차를,1
4742,점검,1
4743,점검하는,1
4744,점령에,1
4745,점령하기,2
4746,점령하는,1
4747,점령한,3
4748,점령했을,1
4749,점에,3
4750,점에서,1
4751,점을,1
4752,점차,1
4753,접근해,1
4754,접수된,1
4755,접어드는,1
4756,접어들고,2
4757,접촉으로,1
4758,정권,1
4759,정당화했습니다,1
4760,정도가,1
4761,정도로,5
4762,정도만,1
4763,정례회의를,1
4764,정면,1
4765,정면승부,1
4766,정밀히,1
4767,정박했던,3
4768,정반대의,1
4769,정법위원회가,1
4770,정보,1
4771,정보를,2
4772,정보수집,1
4773,정부,13
4774,정부가,11
4775,정부는,6
4776,정부에서,2
4777,정부의,3
4778,정부직원,3
4779,정비,2
4780,정비를,1
4781,정비업무,1
4782,정비하고,1
4783,정상,1
4784,정상에,1
4785,정상적,3
4786,정상회담에서,1
4787,정상회의,1
4788,정액이나,1
4789,정인설,1
4790,정점,1
4791,정점에,2
4792,정점을,4
4793,정책,7
4794,정책금리를,1
4795,정책위원회,1
4796,정책은,1
4797,정책을,6
4798,정책적,1
4799,정책차,1
4800,정치,1
4801,정치인이,1
4802,정치적,1
4803,정치컨설팅업체,1
4804,정치컨설팅업체가,1
4805,정했을,1
4806,정확히,1
4807,제가,1
4808,제공되고,1
4809,제공되진,1
4810,제공하는,1
4811,제공하지는,1
4812,제공한,1
4813,제공했다는,1
4814,제기됐다,1
4815,제기되고,1
4816,제기된다,2
4817,제기할,1
4818,제기했다,1
4819,제네바에서,1
4820,제다도,1
4821,제다를,1
4822,제도적,3
4823,제동하는,1
4824,제로로,1
4825,제롬,1
4826,제목의,1
4827,제보가,8
4828,제소,1
4829,제소할,1
4830,제스쳐를,1
4831,제시하도록,2
4832,제시하려,1
4833,제시해야,2
4834,제시했다,1
4835,제압한,1
4836,제오아너,1
4837,제외하고는,2
4838,제외하곤,1
4839,제외한,13
4840,제이크,1
4841,제재,3
4842,제재가,1
4843,제재로,1
4844,제재를,2
4845,제재에,1
4846,제재에는,1
4847,제정러시아의,1
4848,제정하려는,1
4849,제조,1
4850,제주도,1
4851,제지,1
4852,제지하던,2
4853,제철소는,1
4854,제철소에서,1
4855,제출합니다,1
4856,제출했다,1
4857,제품,3
4858,제품을,3
4859,제품이,2
4860,제한으로,1
4861,제한하는,1
4862,젤렌스키,1
4863,조달에,1
4864,조사,3
4865,조사가,1
4866,조사는,1
4867,조사를,1
4868,조사에,1
4869,조사하고,1
4870,조사한,1
4871,조선비즈,4
4872,조선일보,2
4873,조쉬,1
4874,조슬기나,2
4875,조양준,1
4876,조엔,2
4877,조엔으로,1
4878,조작국으로,2
4879,조정됐고,1
4880,조정됐다,1
4881,조정을,2
4882,조정하고,1
4883,조정하도록,1
4884,조정해,1
4885,조직,3
4886,조직도,2
4887,조직으로,1
4888,조직을,1
4889,조치,1
4890,조치가,3
4891,조치들로,1
4892,조치들이,1
4893,조치라고,1
4894,조치로,1
4895,조치를,2
4896,조태용,10
4897,조합원,1
4898,조화롭게,1
4899,존재,2
4900,존재감을,1
4901,존재에,1
4902,존재하지만,1
4903,종사자가,1
4904,종사자들로,1
4905,종사자와,1
4906,종사하시는,2
4907,종식을,1
4908,종이,2
4909,종일,1
4910,종전이,1
4911,종종,1
4912,종합적인,1
4913,좋겠다는,1
4914,좋고,1
4915,좋기도,1
4916,좋다고,1
4917,좋아져,3
4918,좋아하는,1
4919,죄는,1
4920,죄송하다,1
4921,주,5
4922,주간보고서에서,1
4923,주거비와,1
4924,주거비용도,1
4925,주거비용이,1
4926,주고,1
4927,주기의,1
4928,주년을,2
4929,주도권을,1
4930,주도의,1
4931,주도하는,2
4932,주도해야,1
4933,주도했다,2
4934,주둔하고,1
4935,주류,2
4936,주말,1
4937,주먹을,1
4938,주목,1
4939,주목할,1
4940,주목했습니다,1
4941,주문했는데,1
4942,주문했다,1
4943,주미,8
4944,주미대사,1
4945,주미대사가,2
4946,주미대사로,3
4947,주미대사로서,2
4948,주민,2
4949,주민이,2
4950,주변에,1
4951,주변으로,1
4952,주부터,1
4953,주석은,1
4954,주석이,1
4955,주시하겠다고,1
4956,주시할,1
4957,주식,3
4958,주식시장,1
4959,주식이,1
4960,주여만에,1
4961,주요국,1
4962,주요한,1
4963,주유소에서,1
4964,주유소의,1
4965,주의,1
4966,주의깊은,1
4967,주인으로,1
4968,주인이,1
4969,주장이,2
4970,주장이라고,1
4971,주장하는,1
4972,주장하며,1
4973,주장했다,3
4974,주장했습니다,1
4975,주재,2
4976,주저하지,3
4977,주정부,2
4978,주제는,1
4979,주제로,1
4980,주지사는,2
4981,주차된,1
4982,주최한다,2
4983,주축이,1
4984,주택가에,1
4985,주택가에서,1
4986,주행,1
4987,죽였다,1
4988,죽인,1
4989,준,2
4990,준비가,1
4991,준비했다,1
4992,줄어든다,1
4993,줄었다,1
4994,줄이,1
4995,줄이고,1
4996,줄이는,1
4997,줄인,1
4998,줄자,1
4999,중간선거를,2
5000,중견기업,1
5001,중고차,2
5002,중국,53
5003,중국경제망,1
5004,중국과,2
5005,중국도,1
5006,중국보다는,1
5007,중국에,1
5008,중국에서,6
5009,중국에서는,1
5010,중국으로,1
5011,중국은,3
5012,중국을,3
5013,중국의,14
5014,중국이,8
5015,중국인,3
5016,중단,4
5017,중단도,1
5018,중단된다고,1
5019,중단될,1
5020,중단에,1
5021,중단을,1
5022,중단이,1
5023,중단하기로,2
5024,중단하라면서,1
5025,중단한,2
5026,중단한다고,3
5027,중단했다,2
5028,중대한,1
5029,중도,2
5030,중동,1
5031,중동을,2
5032,중립,1
5033,중립적인,1
5034,중미,1
5035,중상을,2
5036,중순,1
5037,중순에는,1
5038,중심,1
5039,중심이,1
5040,중앙은행,3
5041,중앙은행이,1
5042,중앙은행인,3
5043,중앙인민정부,1
5044,중앙일보,4
5045,중에,1
5046,중에는,1
5047,중에서는,1
5048,중엔,1
5049,중역과,1
5050,중요,1
5051,중요성을,1
5052,중요성이,2
5053,중요하다,6
5054,중요하다고,2
5055,중유는,1
5056,중이,1
5057,중인,3
5058,중임이,1
5059,중입니다,1
5060,중재자,1
5061,중점을,2
5062,중증환자는,3
5063,중추적,1
5064,중형을,2
5065,줘서는,1
5066,쥐어,1
5067,쥔,4
5068,즉각,1
5069,즐기고,1
5070,증가,1
5071,증가를,3
5072,증가였다,2
5073,증가한,1
5074,증가할,1
5075,증가했다,2
5076,증가했습니다,2
5077,증거가,1
5078,증권회사,1
5079,증상으로,1
5080,증상이,2
5081,증상인,1
5082,증시는,1
5083,증액하는,1
5084,증오,1
5085,증폭,3
5086,증폭되고,1
5087,지구,2
5088,지금도,2
5089,지금은,1
5090,지나가고,1
5091,지나고,1
5092,지나서야,1
5093,지나지,1
5094,지난달,21
5095,지난주,2
5096,지난해와,1
5097,지났지만,1
5098,지는,1
5099,지닌,1
5100,지대에서,2
5101,지도부는,1
5102,지도자,1
5103,지도자들과,2
5104,지도자들도,1
5105,지름,2
5106,지목됐으나,1
5107,지목되자,2
5108,지바현,8
5109,지방자치단체와,3
5110,지분을,1
5111,지속,1
5112,지속됐고,1
5113,지속되고,1
5114,지속될,1
5115,지속력이,1
5116,지속적,2
5117,지속적으로,2
5118,지속하고,1
5119,지속할,2
5120,지속해서,2
5121,지수가,2
5122,지수는,4
5123,지역,6
5124,지역에,1
5125,지역에도,1
5126,지역에서,4
5127,지역에서는,1
5128,지역에서도,1
5129,지역으로의,1
5130,지역은,1
5131,지역을,1
5132,지역의,1
5133,지원,2
5134,지원에,4
5135,지원을,3
5136,지원하겠다고,1
5137,지원한,2
5138,지위를,2
5139,지적,1
5140,지적도,1
5141,지적발달,1
5142,지적이다,1
5143,지적입니다,1
5144,지적했다,5
5145,지점에서,1
5146,지정,6
5147,지정가,1
5148,지정돼,1
5149,지정됐다,2
5150,지정됐지만,1
5151,지정하는,1
5152,지정한,1
5153,지정한다,1
5154,지지,3
5155,지지율을,1
5156,지지층이,1
5157,지지하겠다는,1
5158,지지하지,1
5159,지지한다,1
5160,지출,1
5161,지출에,1
5162,지출한,1
5163,지침을,1
5164,지칭하고,1
5165,지켜보고,1
5166,지키지,1
5167,지표가격이,1
5168,지표는,2
5169,지표인,1
5170,지하실,1
5171,지하철도,1
5172,직결되는,1
5173,직면한,5
5174,직면했다,1
5175,직업,1
5176,직업교육훈련센터,1
5177,직원,1
5178,직원들의,1
5179,직장인,3
5180,직장인들은,1
5181,직장인들의,1
5182,직접적인,1
5183,직접투자를,1
5184,직종,1
5185,직후,2
5186,진단,1
5187,진단된,1
5188,진단했다,1
5189,진단했습니다,1
5190,진력을,1
5191,진솔한,1
5192,진은,1
5193,진입,1
5194,진입하려던,1
5195,진전이,1
5196,진정,1
5197,진출,1
5198,진출할,1
5199,진행되면서,1
5200,진행된,1
5201,진행하고,1
5202,진행하던,1
5203,진행한,1
5204,진행할,1
5205,질문에,7
5206,질문에는,1
5207,질문에서는,1
5208,질문엔,1
5209,질병관리청,1
5210,질병으로,1
5211,질병이나,1
5212,질병통제예방센터,8
5213,질병통제예방센터장은,1
5214,질서를,1
5215,질서에,1
5216,질서와,1
5217,질액을,1
5218,집,1
5219,집계,1
5220,집계됐다,6
5221,집계됐습니다,2
5222,집계한,10
5223,집계했습니다,1
5224,집권층은,2
5225,집권하는,1
5226,집단,6
5227,집단발병으로,3
5228,집에,1
5229,집은,1
5230,집중되고,1
5231,집중을,2
5232,집중치료실,3
5233,집중하고,2
5234,집중해왔다,1
5235,징후가,1
5236,징후는,1
5237,짜릿한,1
5238,짧게,1
5239,찍고,1
5240,찍었다,1
5241,찍었다는,2
5242,찍은,1
5243,찢어지는,2
5244,차,16
5245,차고,1
5246,차기,1
5247,차량,2
5248,차례,3
5249,차례에,2
5250,차베스,1
5251,차원에서,1
5252,차원이냐는,1
5253,차이,1
5254,차이를,2
5255,차이잉원,2
5256,차지하고,1
5257,차지하는,2
5258,차지했다,4
5259,차질,1
5260,차질로,1
5261,차질을,1
5262,차질이,1
5263,착각할,1
5264,착용한,1
5265,찬성,2
5266,찬성이,1
5267,참가를,1
5268,참가하는,1
5269,참가한,1
5270,참석,1
5271,참석은,1
5272,참석하고,1
5273,참석한,2
5274,참석한다,1
5275,참석해,2
5276,참여자,1
5277,참여하는,1
5278,창,1
5279,창고를,2
5280,창립기념식에서,1
5281,창설된,1
5282,창업가들과,1
5283,찾기,1
5284,찾기로,2
5285,찾는,2
5286,찾았다,1
5287,찾으려는,1
5288,찾은,2
5289,채가,1
5290,채굴할,1
5291,채권,1
5292,채널,9
5293,채로,1
5294,채우는,1
5295,채워가는데,1
5296,채택,1
5297,채택하고,1
5298,책임감을,2
5299,책정한,1
5300,처리장에서,1
5301,처리해야,1
5302,처벌을,3
5303,처음엔,1
5304,처음으로,5
5305,처하게,1
5306,처하겠다,2
5307,처한,1
5308,척도로,1
5309,천,13
5310,천달러대로,1
5311,천만,1
5312,천만달러,1
5313,천만파운드,1
5314,천명,1
5315,천명이,1
5316,천명한,1
5317,천문학과,1
5318,천억원,1
5319,천연자원을,1
5320,천장을,1
5321,천정부지로,1
5322,철도,3
5323,철도를,1
5324,철도시설공단인,1
5325,철도파업이,1
5326,철도해운노조,1
5327,철도회사,1
5328,철수,1
5329,철수를,4
5330,철수에,1
5331,철수와,1
5332,철수하고,3
5333,철수하면,1
5334,철수한,4
5335,철수한다,2
5336,철수한다고,1
5337,철수했다,1
5338,철수했습니다,1
5339,첨단,2
5340,첨단기술,1
5341,첫걸음을,1
5342,첫날인,1
5343,청년,1
5344,청문회,1
5345,청문회에,1
5346,청원하고,2
5347,체계가,1
5348,체계에,1
5349,체계와,1
5350,체구의,1
5351,체액,1
5352,체인,2
5353,체인점,2
5354,체인점의,1
5355,체중유지가,1
5356,체중이,3
5357,체포하는,1
5358,체포해,1
5359,체포했다,2
5360,체포했다고,1
5361,체포했으며,1
5362,쳐들어와,1
5363,초,5
5364,초고유가를,2
5365,초과하는,5
5366,초과한,1
5367,초과했다,1
5368,초기,1
5369,초기인,2
5370,초대,6
5371,초대형,1
5372,초르트키우시,1
5373,초르트키우시는,1
5374,초르트키우시를,1
5375,초점을,3
5376,초청에,2
5377,촉구하고,1
5378,촉구했다,2
5379,총국장,1
5380,총리,4
5381,총리가,3
5382,총리는,1
5383,총리실과,1
5384,총리의,1
5385,총선,2
5386,총선은,1
5387,총선을,2
5388,총선의,1
5389,총선이,1
5390,총은,1
5391,총재는,1
5392,총통,1
5393,총통은,2
5394,총회,1
5395,촬영된,2
5396,촬영하고,1
5397,최고,8
5398,최고가,1
5399,최고경영자,1
5400,최고령,1
5401,최고위급,1
5402,최고치다,1
5403,최고치로,2
5404,최고치를,8
5405,최고치에,1
5406,최고치였던,1
5407,최고투자책임자,1
5408,최근엔,1
5409,최대,13
5410,최대의,1
5411,최대치를,1
5412,최대폭,5
5413,최대폭국제,1
5414,최대폭으로,3
5415,최대폭을,1
5416,최대폭이다,1
5417,최대한,1
5418,최빈국인,1
5419,최소,2
5420,최신화를,1
5421,최악의,2
5422,최연소,1
5423,최우선,1
5424,최윤정,1
5425,최저,1
5426,최저치,1
5427,최저치다,1
5428,최저치로,1
5429,최저치를,2
5430,최저치인,1
5431,최종,1
5432,최종적으로,1
5433,최후,1
5434,추가,14
5435,추가로,3
5436,추산되며,1
5437,추산한다,1
5438,추산했다,1
5439,추정되는,1
5440,추정됩니다,1
5441,추정하는,1
5442,추정했다,2
5443,추진하는,1
5444,추진하며,1
5445,축,1
5446,축구,1
5447,축구대회,1
5448,축구아카데미,1
5449,축구팀,1
5450,축소되고,1
5451,축소키로,1
5452,축소하기로,1
5453,축제다,1
5454,춘천에서,1
5455,출동을,2
5456,출동하는,1
5457,출동한,1
5458,출마자는,2
5459,출마해,1
5460,출발,8
5461,출발했다,2
5462,출범,1
5463,출범과,1
5464,출석해,1
5465,출시될,1
5466,출시한,1
5467,출신인,2
5468,출항,1
5469,충격,1
5470,충격을,1
5471,충격의,1
5472,충격이지만,1
5473,충격적인,1
5474,충돌,1
5475,충돌과,1
5476,충돌까지는,1
5477,충돌로,1
5478,충분히,1
5479,충족하면,1
5480,충족하지,1
5481,충족한,1
5482,충족해,1
5483,충족했다,1
5484,충족했던,1
5485,취소되면서,1
5486,취약집단에,1
5487,취임,1
5488,취임하기,1
5489,취재진도,1
5490,취재진을,1
5491,취지로,2
5492,취하고,2
5493,취하는,1
5494,취한다,1
5495,취할,1
5496,측과,2
5497,측면에서의,1
5498,측에,2
5499,측은,2
5500,측의,1
5501,층에,1
5502,층짜리,1
5503,층짜리였는지도,1
5504,치러지는,3
5505,치러진,1
5506,치렀습니다,1
5507,치료를,4
5508,치르고,2
5509,치르는,1
5510,치른다,1
5511,치솟아,1
5512,치솟았다,3
5513,치솟은,1
5514,치열하게,1
5515,치열한,1
5516,치열했는지를,1
5517,치열했던,1
5518,치지,1
5519,치켜세웠다,1
5520,치킨버거나,1
5521,친,2
5522,친선,1
5523,칠레로,1
5524,침공,11
5525,침공과,1
5526,침공에,2
5527,침공으로,1
5528,침공은,2
5529,침공을,2
5530,침공이,1
5531,침공하자,1
5532,침공한,3
5533,침대시트와,1
5534,침몰한,1
5535,침몰해,1
5536,침몰했다,1
5537,침입했습니다,1
5538,침체가,1
5539,침체로,1
5540,침체를,1
5541,침체시키는,3
5542,침체에,2
5543,카린,2
5544,카슈끄지,1
5545,카슈끄지의,2
5546,카운티,5
5547,카운티는,2
5548,카운티의,2
5549,카카오톡,8
5550,카트를,1
5551,칼럼니스트는,1
5552,칼럼에서,1
5553,칼리브르,1
5554,칼바시나,1
5555,캐나다와,2
5556,캘리포니아주,1
5557,캘리포니아주는,1
5558,캠페인도,1
5559,커리어,1
5560,커졌다,2
5561,커지고,1
5562,커지자,1
5563,커진,3
5564,커질,5
5565,커피,1
5566,커피회사,1
5567,컨설팅업체,1
5568,컨센서스는,2
5569,컨테이너,3
5570,컨테이너를,3
5571,컨테이너만,1
5572,컴퓨터로,1
5573,케네스,1
5574,코갈니체아누,1
5575,코로나,48
5576,코로나바이러스,4
5577,코리아,5
5578,코인당,1
5579,코인데스크닷컴에,1
5580,코인데스크닷컴은,1
5581,코인데스크에,1
5582,코인마켓캡에,1
5583,코카콜라,7
5584,코카콜라가,4
5585,코카콜라나,2
5586,코카콜라는,5
5587,코카콜라와,3
5588,코카콜라의,3
5589,코트디부아르,2
5590,코펜하겐,1
5591,코흐,1
5592,콘서트,1
5593,콘스탄타,3
5594,콘퍼런스에서,1
5595,콜로라도주,1
5596,콜리마주,2
5597,쿠르드,1
5598,쿠르드노동자당,1
5599,쿠르드족,4
5600,쿠바,1
5601,쿼드,1
5602,크게,11
5603,크기로,1
5604,크기의,1
5605,크다,2
5606,크다고,1
5607,크랜스톤이,1
5608,크루즈,3
5609,크루즈선,3
5610,크리스탈,1
5611,클라미디아에도,1
5612,클래식,1
5613,클럽에서,1
5614,키가,1
5615,키로프,2
5616,키예프,1
5617,키운다,1
5618,키워야,3
5619,키이우,3
5620,키이우로,1
5621,키이우를,3
5622,키이우에서,2
5623,타격,2
5624,타격이,1
5625,타결,1
5626,타고,2
5627,타깃,1
5628,타스연합,1
5629,타스와의,1
5630,타스통신과의,1
5631,타스통신은,1
5632,타워스,2
5633,타이이프,1
5634,타임스오브인디아,1
5635,타임스퀘어,1
5636,타전했습니다,1
5637,타지,1
5638,타협해야,1
5639,탄력,1
5640,탄생,1
5641,탄압,1
5642,탈취당하는,1
5643,탈취하는,1
5644,탈퇴한,1
5645,탓에,1
5646,탓으로,1
5647,탓이다,1
5648,탔던,3
5649,탕산,1
5650,탕산시,2
5651,탕산시의,3
5652,탕신시의,2
5653,태국,3
5654,태그하며,1
5655,태세,2
5656,태세를,1
5657,태어났으면,1
5658,태연했다,1
5659,태평양,4
5660,택하는,1
5661,택한,1
5662,터뜨리며,1
5663,터미널의,1
5664,터졌다,1
5665,터키,5
5666,터키군,1
5667,터키군이,1
5668,터키는,2
5669,터키보다,1
5670,터키의,3
5671,테러,1
5672,테러단체로,1
5673,테러로,1
5674,테러리스트,1
5675,테르노필시에서,1
5676,테르노필주,2
5677,테르노필주의,2
5678,테쿠알라,1
5679,테헤란,2
5680,텍사스주,2
5681,텐데,2
5682,톈옌,3
5683,톈옌은,1
5684,톈옌을,1
5685,토니,1
5686,토대로,1
5687,토대로만,1
5688,토막쯤,1
5689,토츠카,1
5690,토치카,2
5691,토치카는,1
5692,토치카의,2
5693,토트넘,1
5694,토트넘과의,1
5695,토트넘에서,1
5696,통,1
5697,통계청이,1
5698,통과시켰습니다,1
5699,통로로,1
5700,통신,9
5701,통신과,1
5702,통신에,6
5703,통신은,2
5704,통신을,1
5705,통신이,6
5706,통제를,1
5707,통치,1
5708,통한,4
5709,통할,1
5710,통할지는,1
5711,통합에,1
5712,통해서도,1
5713,통화긴축,1
5714,퇴원한,3
5715,퇴임,1
5716,투기꾼들의,1
5717,투매가,1
5718,투매됐다,1
5719,투명성,1
5720,투명성도,1
5721,투입되지만,1
5722,투자,4
5723,투자를,1
5724,투자신탁,1
5725,투자정보,2
5726,투쟁,1
5727,투표,2
5728,투표가,1
5729,투표를,1
5730,투표에서,4
5731,투표에선,1
5732,투표율은,1
5733,투항병들,1
5734,투항했다,1
5735,트러시,2
5736,트럭,1
5737,트럭에,1
5738,트럼프,3
5739,트리뷴뉴스는,1
5740,트위터에,1
5741,트윗을,1
5742,특정,1
5743,특징이다,1
5744,특파원,24
5745,특파원들과,2
5746,특파원이,1
5747,틀,1
5748,틱톡,2
5749,틱톡과의,1
5750,틱톡을,1
5751,틱톡의,1
5752,파괴됐는데,1
5753,파괴됐으며,1
5754,파괴된,1
5755,파괴하기,1
5756,파로에프,1
5757,파로예프는,1
5758,파리,1
5759,파생,1
5760,파손됐다고,1
5761,파손됐다고도,1
5762,파업,1
5763,파업시,1
5764,파업에,1
5765,파업으로,3
5766,파업을,1
5767,파업일에,1
5768,파워를,1
5769,파워의,1
5770,파월,1
5771,파이낸셜뉴스,2
5772,파인애플,1
5773,파인애플에서,1
5774,파장도,1
5775,파킨슨병,1
5776,파트너라는,1
5777,파트너였던,2
5778,파트너였으며,1
5779,파트너의,1
5780,판단,1
5781,판단될,1
5782,판단이,1
5783,판례를,1
5784,판매,3
5785,판매가,1
5786,판매가격이,1
5787,판매는,6
5788,판매도,1
5789,판매되는,1
5790,판매를,3
5791,판매의,1
5792,판매하지,2
5793,판정을,3
5794,팔레스타인,1
5795,팔레스타인을,1
5796,패권을,1
5797,패널에서,1
5798,패대기치고,1
5799,패배,1
5800,패스트푸드,6
5801,패인,1
5802,팬들에게,1
5803,팬들은,1
5804,퍼지고,1
5805,페드워치에,1
5806,페이스북,1
5807,편에서,1
5808,펼,1
5809,평가,1
5810,평가는,1
5811,평가를,2
5812,평가에,1
5813,평가하고,2
5814,평가하는,3
5815,평가하는데,1
5816,평가하면서,2
5817,평가한다,1
5818,평가할,1
5819,평균,5
5820,평균가격은,1
5821,평등에,1
5822,평화를,1
5823,평화와,1
5824,폐쇄하고,1
5825,폐쇄한,2
5826,폐쇄했다,1
5827,폐쇄회로,2
5828,폐지를,4
5829,폐지키로,2
5830,폐지한다고,2
5831,폐지할,1
5832,포괄적,1
5833,포괄적공동행동계획,1
5834,포괄적인,1
5835,포기,2
5836,포럼에,1
5837,포럼에서,2
5838,포럼의,1
5839,포르투갈,1
5840,포위,1
5841,포인트로,1
5842,포인트씩,2
5843,포인트의,2
5844,포즈를,1
5845,포착됐습니다,2
5846,포탄이,1
5847,포털,1
5848,포트워스에서,1
5849,포함돼,1
5850,포함됐다,1
5851,포함됐습니다,2
5852,포함되느냐는,2
5853,포함된다고,1
5854,포함시켰다고,2
5855,포함한,2
5856,포함해,8
5857,폭격하고,1
5858,폭격해,1
5859,폭동으로,1
5860,폭동은,1
5861,폭등은,1
5862,폭등을,1
5863,폭등의,1
5864,폭등했다,1
5865,폭등했습니다,1
5866,폭락했다,1
5867,폭력주의,1
5868,폭의,2
5869,폭이,2
5870,폭입니다,1
5871,폭행,2
5872,폭행당하는,1
5873,폭행은,1
5874,폭행을,9
5875,폭행하는,1
5876,폭행한,2
5877,폭행한다,1
5878,폭행해서는,1
5879,폭행했다,1
5880,폴과,1
5881,폴란드,3
5882,표,2
5883,표로,1
5884,표를,2
5885,표면에,1
5886,표명했다,2
5887,표방하는,1
5888,표시했지만,1
5889,표준시로,1
5890,표지판을,2
5891,표현하기도,1
5892,푸시킨,2
5893,푸틴,12
5894,풀고,1
5895,풀리기도,1
5896,품었다,1
5897,풍계리,1
5898,풍계리의,1
5899,프라뉴티는,1
5900,프라이빗,1
5901,프랑스,13
5902,프랭클린,2
5903,프로비던스에,1
5904,프로젝트까지,1
5905,프로젝트로,1
5906,프로젝트에,1
5907,프리미어리그,1
5908,프린세스,3
5909,프린세스호에,3
5910,플랫폼,2
5911,플로리다주,2
5912,피력했다,1
5913,피로,1
5914,피에르,9
5915,피의자는,1
5916,피의자들,1
5917,피의자들은,1
5918,피의자들을,1
5919,피터,3
5920,피터대제,1
5921,피터대제가,1
5922,피터대제는,1
5923,피터대제에,2
5924,피터대제와,1
5925,피터대제의,1
5926,피할,2
5927,피해야,1
5928,픽사베이,1
5929,핀란드,2
5930,핀란드와,5
5931,필라델피아로,1
5932,필리모노프,2
5933,필요,2
5934,필요가,9
5935,필요성에는,1
5936,필요성은,1
5937,필요성을,2
5938,필요없이,2
5939,필요에,1
5940,필요하고,1
5941,필요하기도,1
5942,필요하다,3
5943,필요하다고,2
5944,필요하지,1
5945,필하모닉,2
5946,하계,1
5947,하기로,1
5948,하나는,2
5949,하나로,1
5950,하나의,1
5951,하는데,1
5952,하던,1
5953,하락,1
5954,하락세로,1
5955,하락세를,2
5956,하락에도,1
5957,하락으로,1
5958,하락하고,1
5959,하락한,4
5960,하락해,3
5961,하락했다,4
5962,하락했지만,1
5963,하려고,1
5964,하루,8
5965,하루만인,2
5966,하루였습니다,1
5967,하루전,1
5968,하루히코,1
5969,하르키우,1
5970,하며,2
5971,하반기,1
5972,하원,3
5973,하원에선,1
5974,하위,3
5975,하위변이로,1
5976,하자,2
5977,하지,4
5978,하푼,1
5979,하회,1
5980,학살까지,1
5981,학살한,1
5982,한겨레신문사,1
5983,한경,2
5984,한경닷컴,5
5985,한계가,1
5986,한국경제,2
5987,한국경제티브이,2
5988,한국과,4
5989,한국대사는,2
5990,한국대사인,4
5991,한국시간,1
5992,한국은,6
5993,한국을,2
5994,한국의,2
5995,한국이,2
5996,한국일보,1
5997,한꺼번에,1
5998,한다고,4
5999,한다는,2
6000,한두,1
6001,한때,2
6002,한미,15
6003,한미가,1
6004,한미동맹의,1
6005,한미일이,1
6006,한숨을,1
6007,한중일,1
6008,한편,8
6009,한해,1
6010,할까,1
6011,함락에,1
6012,합니다,2
6013,합동,1
6014,합의,1
6015,합의에,1
6016,합의했다고,1
6017,합쳐서,3
6018,합치면,3
6019,항공,2
6020,항공기로,4
6021,항공기를,2
6022,항공사와,3
6023,항공업계는,3
6024,항구,2
6025,항구나,1
6026,항구도시인,1
6027,항구에,1
6028,항구에서,1
6029,항만,1
6030,항만청,1
6031,항목,1
6032,항목인,1
6033,항문에만,1
6034,항상,2
6035,항셍지수는,1
6036,항에,3
6037,해,4
6038,해결,1
6039,해결책을,1
6040,해결하는,2
6041,해결할,1
6042,해결해,1
6043,해관총서,2
6044,해관총서가,1
6045,해관총서는,2
6046,해낸,1
6047,해당하는,2
6048,해당하면,1
6049,해당해,2
6050,해를,1
6051,해방돼,1
6052,해병여단과,1
6053,해부터,1
6054,해상,2
6055,해석했다,1
6056,해설했다,1
6057,해야,4
6058,해야할,1
6059,해양,1
6060,해외,3
6061,해외여행,1
6062,해제,4
6063,해제된,1
6064,해체가,1
6065,핵,14
6066,핵무기,1
6067,핵실험,3
6068,핵실험을,2
6069,핵실험이,3
6070,핵실험장을,1
6071,핵심,2
6072,핵심요약,1
6073,핵심으로,1
6074,핵위협에,2
6075,핵위협이,1
6076,핵합의,2
6077,핵합의에서,1
6078,핵협상,1
6079,햄버거를,1
6080,했고,1
6081,했다고,4
6082,했던,1
6083,했습니다,4
6084,했었다,1
6085,했으나,1
6086,했지만,5
6087,행동들,1
6088,행사,1
6089,행사하겠다는,2
6090,행사하고,1
6091,행사한,5
6092,행위에도,1
6093,행정,1
6094,행정부,2
6095,행정부는,2
6096,행정부에,1
6097,향방까지,1
6098,향할,1
6099,향후,1
6100,허베이성,5
6101,허베이성에,1
6102,허약성이,1
6103,허용도가,1
6104,허용하라,1
6105,헌신적인,1
6106,헤드는,1
6107,헤럴드경제,4
6108,헤르페스,1
6109,헤르페스를,1
6110,헬스케어는,1
6111,현,1
6112,현금,2
6113,현금이,1
6114,현대,1
6115,현명한,1
6116,현상을,1
6117,현상판단에,1
6118,현시점,1
6119,현실을,1
6120,현실적으로,1
6121,현안들을,1
6122,현안은,1
6123,현안을,1
6124,현안이다,1
6125,현안인,1
6126,현예슬,1
6127,현장,3
6128,현장에서,1
6129,현장을,1
6130,현재까지,2
6131,현저한,1
6132,현지,22
6133,현지시각,7
6134,현지시간으로,1
6135,현지에서,1
6136,현지에서는,1
6137,현지에선,1
6138,현지인들은,1
6139,현행,1
6140,현황을,1
6141,혈액암과,1
6142,혐의로,2
6143,협대역의,1
6144,협력,5
6145,협력관계를,1
6146,협력에,1
6147,협력하고,1
6148,협력하기로,2
6149,협력하며,1
6150,협상밖에,1
6151,협상이,1
6152,협상해야,1
6153,협상해야만,1
6154,협의를,1
6155,호가,1
6156,호감도가,1
6157,호랑이,1
6158,호랑이가,5
6159,호랑이를,5
6160,호랑이의,2
6161,호불호보다는,1
6162,호송되는,1
6163,호의적으로,1
6164,호점을,2
6165,혼란과,1
6166,혼란이,1
6167,홀로,1
6168,홈페이지,1
6169,홋카이도,9
6170,홍수민,1
6171,홍콩,1
6172,홍콩의,1
6173,홍해변,1
6174,화가,1
6175,화기를,1
6176,화력을,1
6177,화물,3
6178,화물선,1
6179,화물선이,1
6180,화상,2
6181,화석,1
6182,화석연료,1
6183,화석연료를,1
6184,화제입니다,1
6185,화춘잉,1
6186,화폐가치,1
6187,확대,2
6188,확대회의에서,1
6189,확률은,1
6190,확보하게,1
6191,확보한,1
6192,확산을,1
6193,확산하자,3
6194,확산했다,1
6195,확실한,1
6196,확인,1
6197,확인됐다,1
6198,확인됐다고,1
6199,확인되지,1
6200,확인된,6
6201,확인하지,1
6202,확인할,2
6203,확인해야,1
6204,확인했다,2
6205,확장,2
6206,확장억제를,1
6207,확장억제의,2
6208,확장해,1
6209,확진,1
6210,확진자,6
6211,확진자가,1
6212,확진자는,9
6213,확진자로,3
6214,환경,1
6215,환경부에,1
6216,환경에도,1
6217,환경을,1
6218,환영할만한,1
6219,환율,10
6220,환율관찰대상국으로,2
6221,환율관찰대상국은,1
6222,환율보고서는,1
6223,환율보고서를,1
6224,환율보고서에서,2
6225,환율은,3
6226,환율을,1
6227,환율이,1
6228,환율인,1
6229,환율정책을,1
6230,환율조작국,1
6231,환자,7
6232,환자가,1
6233,환자는,9
6234,환자의,1
6235,환전상과,1
6236,환타와,2
6237,환타의,1
6238,활동,5
6239,활동가,1
6240,활동은,1
6241,활동을,3
6242,활성화할,1
6243,회견을,1
6244,회담,2
6245,회담에서,2
6246,회담을,2
6247,회담의,1
6248,회담한,1
6249,회복세를,1
6250,회복은,1
6251,회복을,1
6252,회복이,1
6253,회복이라는,1
6254,회복하고,2
6255,회복하는,1
6256,회사는,1
6257,회사들은,2
6258,회사로,1
6259,회사를,1
6260,회원국,1
6261,회원국의,1
6262,회의,3
6263,회의까지,1
6264,회의는,1
6265,회의를,4
6266,회의에,2
6267,회의에는,1
6268,회의에서의,1
6269,효고현,6
6270,효고현과,2
6271,효과는,1
6272,후미오,2
6273,후보가,2
6274,후보자들은,1
6275,후생노동성의,3
6276,후쿠오카현,7
6277,훈련,2
6278,훈련이,1
6279,훈련하는,1
6280,훌쩍,1
6281,훔쳐,1
6282,휘두른다,1
6283,휘발유,18
6284,휘발유는,1
6285,휘발유와,2
6286,휴먼라이츠워치,1
6287,휴스턴에,1
6288,휴식을,1
6289,휴식이,1
6290,휴양지,1
6291,흐름,1
6292,흑자,15
6293,흑자가,1
6294,흑자는,1
6295,흑자를,1
6296,흑자와,2
6297,흑해에서,1
6298,흔들리고,1
6299,흔적과,1
6300,흔적이,1
6301,흔한,1
6302,흥민이,1
6303,흥민이는,1
6304,희망을,1
6305,희망이,1
6306,희망자가,1
6307,희망퇴직으로,1
6308,희망하고,1
6309,희망했다,1
6310,히로시마,1
6311,히로시마현,6
6312,히로시마현과,1
6313,히로카즈,2
6314,힘들어하고,1
6315,힘없는,1
6316,힘이,1
